id,alias,aliases,price_num,price_num_imputado,phone,address,rating,review_count,transactions,image_url,url,location.zip_code,coordinates.longitude,coordinates.latitude
qjnpkS8yZO8xcyEIy5OU9A,girl-and-the-goat-chicago,"['newamerican', 'bars', 'bakeries']",3,False,13124926262,809 W Randolph,4.4,10509,['delivery'],https://s3-media0.fl.yelpcdn.com/bphoto/ya6gjD4BPlxe7AKMj_5WsA/o.jpg,https://www.yelp.com/biz/girl-and-the-goat-chicago?adjust_creative=GWOCZh9-BmZxtdsAjr7Gug&utm_campaign=yelp_api_v3&utm_medium=api_v3_business_search&utm_source=GWOCZh9-BmZxtdsAjr7Gug,60607,-87.64794613195826,41.88419277030351
boE4Ahsssqic7o5wQLI04w,the-purple-pig-chicago,"['tapasmallplates', 'mediterranean', 'newamerican']",3,False,13124641744,444 N Michigan Ave,4.3,8854,"['pickup', 'delivery']",https://s3-media0.fl.yelpcdn.com/bphoto/rHHvhRF8QPjee5B7c54jzw/o.jpg,https://www.yelp.com/biz/the-purple-pig-chicago?adjust_creative=GWOCZh9-BmZxtdsAjr7Gug&utm_campaign=yelp_api_v3&utm_medium=api_v3_business_search&utm_source=GWOCZh9-BmZxtdsAjr7Gug,60611,-87.624782,41.890694
gzhkdb6YoiFm5s3vriG1AA,gretel-chicago,"['cocktailbars', 'newamerican', 'speakeasies']",2,False,17737703427,2833 W Armitage Ave,4.5,415,"['pickup', 'delivery']",https://s3-media0.fl.yelpcdn.com/bphoto/-dxigk6aymnMlFvQ4xrQmg/o.jpg,https://www.yelp.com/biz/gretel-chicago?adjust_creative=GWOCZh9-BmZxtdsAjr7Gug&utm_campaign=yelp_api_v3&utm_medium=api_v3_business_search&utm_source=GWOCZh9-BmZxtdsAjr7Gug,60647,-87.698577,41.917275
riT822EnU7y_5eCuJsd9sA,cindys-rooftop-chicago,"['newamerican', 'seafood', 'breakfast_brunch']",2,False,13127923502,12 S Michigan Ave,4.1,2715,['delivery'],https://s3-media0.fl.yelpcdn.com/bphoto/XLdHyZLsRMogjR4GNWCe-A/o.jpg,https://www.yelp.com/biz/cindys-rooftop-chicago?adjust_creative=GWOCZh9-BmZxtdsAjr7Gug&utm_campaign=yelp_api_v3&utm_medium=api_v3_business_search&utm_source=GWOCZh9-BmZxtdsAjr7Gug,60603,-87.6250061730162,41.8816894031196
GZsrGq6H8CQ4YlGtE_Bm0Q,ciccio-mio-chicago-2,['italian'],3,False,13127963316,226 W Kinzie,4.7,577,['delivery'],https://s3-media0.fl.yelpcdn.com/bphoto/eFIrEMfnmALCGrR1gSJKLQ/o.jpg,https://www.yelp.com/biz/ciccio-mio-chicago-2?adjust_creative=GWOCZh9-BmZxtdsAjr7Gug&utm_campaign=yelp_api_v3&utm_medium=api_v3_business_search&utm_source=GWOCZh9-BmZxtdsAjr7Gug,60654,-87.63524,41.88939
cgIuo3geaxw1Sfhbqm5qTA,alla-vita-chicago-4,['italian'],3,False,13126670104,564 W Randolph St,4.4,740,"['pickup', 'delivery']",https://s3-media0.fl.yelpcdn.com/bphoto/X4XMxKMr4FfFdplvdP1BjA/o.jpg,https://www.yelp.com/biz/alla-vita-chicago-4?adjust_creative=GWOCZh9-BmZxtdsAjr7Gug&utm_campaign=yelp_api_v3&utm_medium=api_v3_business_search&utm_source=GWOCZh9-BmZxtdsAjr7Gug,60661,-87.642322,41.88468
9nUrDQ_REhU6sgcgXFAyfA,aba-chicago-2,"['mediterranean', 'tapasmallplates']",3,False,17736451400,"302 N Green St, Fl 3",4.4,1857,"['pickup', 'delivery']",https://s3-media0.fl.yelpcdn.com/bphoto/CeQacWWhLEiFBYw2piRozA/o.jpg,https://www.yelp.com/biz/aba-chicago-2?adjust_creative=GWOCZh9-BmZxtdsAjr7Gug&utm_campaign=yelp_api_v3&utm_medium=api_v3_business_search&utm_source=GWOCZh9-BmZxtdsAjr7Gug,60607,-87.6487949,41.8869441
PZe0q_153VHUnaR-8dOTJg,the-dearborn-chicago-2,"['newamerican', 'breakfast_brunch', 'beer_and_wine']",2,False,13123841242,145 N Dearborn St,4.4,2605,"['pickup', 'delivery']",https://s3-media0.fl.yelpcdn.com/bphoto/eSXeGiq2bRUjy7KOER4jeg/o.jpg,https://www.yelp.com/biz/the-dearborn-chicago-2?adjust_creative=GWOCZh9-BmZxtdsAjr7Gug&utm_campaign=yelp_api_v3&utm_medium=api_v3_business_search&utm_source=GWOCZh9-BmZxtdsAjr7Gug,60602,-87.6293151,41.8842528
VPJk-SEWSWS_nGoQvM-COw,penumbra-chicago,"['wine_bars', 'seafood', 'steak']",3,False,17737722343,3309 W Fullerton Ave,4.8,995,"['restaurant_reservation', 'delivery']",https://s3-media0.fl.yelpcdn.com/bphoto/IlSPQKhzbs2s0g7Cxshlmg/o.jpg,https://www.yelp.com/biz/penumbra-chicago?adjust_creative=GWOCZh9-BmZxtdsAjr7Gug&utm_campaign=yelp_api_v3&utm_medium=api_v3_business_search&utm_source=GWOCZh9-BmZxtdsAjr7Gug,60647,-87.710898,41.924459
ZXsqdTNHSqxBxCXcbmOiLA,bigsuda-chicago,"['asianfusion', 'korean', 'noodles']",2,True,18722068678,1362 N Milwaukee Ave,4.5,44,[],https://s3-media0.fl.yelpcdn.com/bphoto/Yb2j5vOw3H-Mu_0dfAtiQA/o.jpg,https://www.yelp.com/biz/bigsuda-chicago?adjust_creative=GWOCZh9-BmZxtdsAjr7Gug&utm_campaign=yelp_api_v3&utm_medium=api_v3_business_search&utm_source=GWOCZh9-BmZxtdsAjr7Gug,60622,-87.671742,41.906445
1BHgaf25FpVSOXFpZF0pYw,trivoli-tavern-chicago,['tradamerican'],3,False,13123662646,114 N Green St,4.5,839,['delivery'],https://s3-media0.fl.yelpcdn.com/bphoto/kMNBfN-NjwMPEeAQwo0Qrg/o.jpg,https://www.yelp.com/biz/trivoli-tavern-chicago?adjust_creative=GWOCZh9-BmZxtdsAjr7Gug&utm_campaign=yelp_api_v3&utm_medium=api_v3_business_search&utm_source=GWOCZh9-BmZxtdsAjr7Gug,60607,-87.64903867652058,41.8837221888722
m5gfWEQI7BYTKWMYF-X-Ug,no-vacancy-chicago,"['newamerican', 'wine_bars', 'venues']",2,False,13125006666,509 N Wells St,4.6,149,[],https://s3-media0.fl.yelpcdn.com/bphoto/Jk2yAguTafL3bD_8ZXWcyw/o.jpg,https://www.yelp.com/biz/no-vacancy-chicago?adjust_creative=GWOCZh9-BmZxtdsAjr7Gug&utm_campaign=yelp_api_v3&utm_medium=api_v3_business_search&utm_source=GWOCZh9-BmZxtdsAjr7Gug,60654,-87.63375,41.89115
xoi7Cw7FoknAx5p880RtWQ,au-cheval-chicago,"['bars', 'burgers', 'tradamerican']",2,False,13129294580,800 W Randolph St,4.4,9323,"['pickup', 'delivery']",https://s3-media0.fl.yelpcdn.com/bphoto/vKY9dRK2GM6eQDP-Cxg_tw/o.jpg,https://www.yelp.com/biz/au-cheval-chicago?adjust_creative=GWOCZh9-BmZxtdsAjr7Gug&utm_campaign=yelp_api_v3&utm_medium=api_v3_business_search&utm_source=GWOCZh9-BmZxtdsAjr7Gug,60607,-87.647668,41.88466
xFBQ1md6PDm7YEpJARoxAA,the-vig-chicago-chicago-2,"['tradamerican', 'cocktailbars', 'breakfast_brunch']",2,False,13129822186,1527 N Wells St,4.1,905,"['pickup', 'delivery']",https://s3-media0.fl.yelpcdn.com/bphoto/LTJQDXJAzGTfUuyRbhsb4A/o.jpg,https://www.yelp.com/biz/the-vig-chicago-chicago-2?adjust_creative=GWOCZh9-BmZxtdsAjr7Gug&utm_campaign=yelp_api_v3&utm_medium=api_v3_business_search&utm_source=GWOCZh9-BmZxtdsAjr7Gug,60610,-87.6345035,41.9099251
1Q7RL7Hc63wKa2A9ec3zXw,il-porcellino-chicago,"['italian', 'bars', 'salad']",2,False,13125950800,59 W Hubbard St,4.4,1645,"['pickup', 'delivery']",https://s3-media0.fl.yelpcdn.com/bphoto/zrAfaD2GsQLkel9UZAjZdg/o.jpg,https://www.yelp.com/biz/il-porcellino-chicago?adjust_creative=GWOCZh9-BmZxtdsAjr7Gug&utm_campaign=yelp_api_v3&utm_medium=api_v3_business_search&utm_source=GWOCZh9-BmZxtdsAjr7Gug,60654,-87.63029733223148,41.88996108569464
ngB0iQM1Yz7Nx_tQZqU7NA,daisies-chicago,"['pastashops', 'newamerican', 'cocktailbars']",3,False,17736979443,2375 N Milwaukee Ave,4.3,690,"['pickup', 'delivery']",https://s3-media0.fl.yelpcdn.com/bphoto/_sOKwd53ToEsElmBUjC2Dw/o.jpg,https://www.yelp.com/biz/daisies-chicago?adjust_creative=GWOCZh9-BmZxtdsAjr7Gug&utm_campaign=yelp_api_v3&utm_medium=api_v3_business_search&utm_source=GWOCZh9-BmZxtdsAjr7Gug,60647,-87.69964666704485,41.92444384539096
n5jRD0dlY6Dl672THS7yFA,mister-tiger-chicago,['korean'],3,True,13122195211,1132 W Grand Ave,4.6,54,[],https://s3-media0.fl.yelpcdn.com/bphoto/nBGQQx_01FaL5bqywu9loA/o.jpg,https://www.yelp.com/biz/mister-tiger-chicago?adjust_creative=GWOCZh9-BmZxtdsAjr7Gug&utm_campaign=yelp_api_v3&utm_medium=api_v3_business_search&utm_source=GWOCZh9-BmZxtdsAjr7Gug,60642,-87.65596,41.89129
Z45eQgbnFWH--PYPLTFhNg,void-chicago,"['italian', 'seafood', 'cocktailbars']",3,True,0,2937 N Milwaukee Ave,4.8,40,[],https://s3-media0.fl.yelpcdn.com/bphoto/FT4jEyk1Rlfgtwt2rqcgeQ/o.jpg,https://www.yelp.com/biz/void-chicago?adjust_creative=GWOCZh9-BmZxtdsAjr7Gug&utm_campaign=yelp_api_v3&utm_medium=api_v3_business_search&utm_source=GWOCZh9-BmZxtdsAjr7Gug,60618,-87.716438,41.93478
tuJraaFffIS_JNK_4ZqGTA,ema-chicago-6,"['mediterranean', 'tapasmallplates', 'salad']",2,False,13125275586,74 W Illinois St,4.3,1849,"['pickup', 'delivery']",https://s3-media0.fl.yelpcdn.com/bphoto/EA7Wq13hk7PKgZ4xl5hUJQ/o.jpg,https://www.yelp.com/biz/ema-chicago-6?adjust_creative=GWOCZh9-BmZxtdsAjr7Gug&utm_campaign=yelp_api_v3&utm_medium=api_v3_business_search&utm_source=GWOCZh9-BmZxtdsAjr7Gug,60654,-87.63090253497006,41.8909643906248
W2QV6SILHer3qB_-CZ1z1A,etta-bucktown-chicago,"['pizza', 'newamerican', 'breakfast_brunch']",3,False,17737302277,1840 W North Ave,4.2,1131,"['pickup', 'delivery']",https://s3-media0.fl.yelpcdn.com/bphoto/vyMZ9UM1wC1AwZrSZouyJQ/o.jpg,https://www.yelp.com/biz/etta-bucktown-chicago?adjust_creative=GWOCZh9-BmZxtdsAjr7Gug&utm_campaign=yelp_api_v3&utm_medium=api_v3_business_search&utm_source=GWOCZh9-BmZxtdsAjr7Gug,60622,-87.674285,41.910731
T_egMuf7xJHLdldzPqOaSQ,qing-xiang-yuan-dumplings-chicago-3,"['bbq', 'dimsum', 'coffee']",2,False,13127991118,"2002 S Wentworth Ave, Ste 103",4.4,1970,"['pickup', 'delivery']",https://s3-media0.fl.yelpcdn.com/bphoto/eRzmXCDGjUut0AlNmsAW7g/o.jpg,https://www.yelp.com/biz/qing-xiang-yuan-dumplings-chicago-3?adjust_creative=GWOCZh9-BmZxtdsAjr7Gug&utm_campaign=yelp_api_v3&utm_medium=api_v3_business_search&utm_source=GWOCZh9-BmZxtdsAjr7Gug,60616,-87.63219,41.85505
zm6Peew9j8YtowzUu4sQfA,the-whale-chicago-chicago,"['newamerican', 'breakfast_brunch', 'cocktailbars']",2,False,17738252900,2427 N Milwaukee Ave,4.2,1048,"['pickup', 'delivery']",https://s3-media0.fl.yelpcdn.com/bphoto/gdXiK79yPcmR9T1nKE2h9g/o.jpg,https://www.yelp.com/biz/the-whale-chicago-chicago?adjust_creative=GWOCZh9-BmZxtdsAjr7Gug&utm_campaign=yelp_api_v3&utm_medium=api_v3_business_search&utm_source=GWOCZh9-BmZxtdsAjr7Gug,60647,-87.70112,41.92555
wfkj7DK8YzhdwhhFc2OntA,giant-chicago-2,"['newamerican', 'beerbar', 'wine_bars']",3,False,17732520997,3209 W Armitage Ave,4.3,737,['delivery'],https://s3-media0.fl.yelpcdn.com/bphoto/RHnjotvmwoObOE95kt5Prg/o.jpg,https://www.yelp.com/biz/giant-chicago-2?adjust_creative=GWOCZh9-BmZxtdsAjr7Gug&utm_campaign=yelp_api_v3&utm_medium=api_v3_business_search&utm_source=GWOCZh9-BmZxtdsAjr7Gug,60647,-87.70746,41.9171
Z8K7SVH-B7ZVAVD9aFIK8w,bar-mar-by-josé-andrés-chicago-2,"['seafood', 'cocktailbars']",3,False,13128206602,120 N Wacker Dr,4.3,556,[],https://s3-media0.fl.yelpcdn.com/bphoto/ZfSYel2Muyh1hAqf6eRYZg/o.jpg,https://www.yelp.com/biz/bar-mar-by-jos%C3%A9-andr%C3%A9s-chicago-2?adjust_creative=GWOCZh9-BmZxtdsAjr7Gug&utm_campaign=yelp_api_v3&utm_medium=api_v3_business_search&utm_source=GWOCZh9-BmZxtdsAjr7Gug,60606,-87.6372458,41.883835
--Yw337vTC4fLKRCaw-PLQ,xochimilco-mexican-restaurant-chicago,['mexican'],2,False,17736611534,2030-32 W Montrose Ave,4.8,344,"['pickup', 'delivery']",https://s3-media0.fl.yelpcdn.com/bphoto/5Zf_QCE-uJy1FSmnz6w-AA/o.jpg,https://www.yelp.com/biz/xochimilco-mexican-restaurant-chicago?adjust_creative=GWOCZh9-BmZxtdsAjr7Gug&utm_campaign=yelp_api_v3&utm_medium=api_v3_business_search&utm_source=GWOCZh9-BmZxtdsAjr7Gug,60618,-87.6802497,41.9616665
okaqMJEoHfHblpKz9Q-CMA,the-perch-chicago,"['breweries', 'newamerican']",2,False,17734862739,1932 W Division,4.4,580,"['pickup', 'delivery']",https://s3-media0.fl.yelpcdn.com/bphoto/YTWeHweGurPHiKotVhDzCQ/o.jpg,https://www.yelp.com/biz/the-perch-chicago?adjust_creative=GWOCZh9-BmZxtdsAjr7Gug&utm_campaign=yelp_api_v3&utm_medium=api_v3_business_search&utm_source=GWOCZh9-BmZxtdsAjr7Gug,60622,-87.676221,41.90348
dKbk0C9z_mRXh24-0vIHqA,mirra-chicago,"['mexican', 'indpak']",2,True,0,1954 W Armitage Ave,4.3,84,[],https://s3-media0.fl.yelpcdn.com/bphoto/26k4riQWH6QmZGbZbGT7yg/o.jpg,https://www.yelp.com/biz/mirra-chicago?adjust_creative=GWOCZh9-BmZxtdsAjr7Gug&utm_campaign=yelp_api_v3&utm_medium=api_v3_business_search&utm_source=GWOCZh9-BmZxtdsAjr7Gug,60622,-87.67737831920385,41.917959764150055
apyIymDFbUK7u-Y3V5kmkA,bavettes-bar-and-boeuf-chicago,"['steak', 'seafood', 'bars']",4,False,13126248154,218 W Kinzie,4.5,3390,['delivery'],https://s3-media0.fl.yelpcdn.com/bphoto/mhw9kdjyIBe1A0vGIKlI9Q/o.jpg,https://www.yelp.com/biz/bavettes-bar-and-boeuf-chicago?adjust_creative=GWOCZh9-BmZxtdsAjr7Gug&utm_campaign=yelp_api_v3&utm_medium=api_v3_business_search&utm_source=GWOCZh9-BmZxtdsAjr7Gug,60654,-87.63489302317039,41.889295011779424
45Xno0A0IWY8A0JBgeQ7Eg,brasero-chicago,"['latin', 'newamerican', 'beer_and_wine']",2,True,18723422079,1709 W Chicago Ave,4.6,111,[],https://s3-media0.fl.yelpcdn.com/bphoto/C42BGNjfcMnzWCTqzZbxyw/o.jpg,https://www.yelp.com/biz/brasero-chicago?adjust_creative=GWOCZh9-BmZxtdsAjr7Gug&utm_campaign=yelp_api_v3&utm_medium=api_v3_business_search&utm_source=GWOCZh9-BmZxtdsAjr7Gug,60622,-87.67021413892508,41.89570504072024
owk55_aszZtVP-SQPyXTIQ,nora-restaurant-chicago,"['mediterranean', 'cocktailbars', 'sardinian']",3,True,13128014446,"636 N St Clair St, Fl 1",4.4,175,"['pickup', 'delivery']",https://s3-media0.fl.yelpcdn.com/bphoto/pkYVpOiAbnvFEf7SI0z-XA/o.jpg,https://www.yelp.com/biz/nora-restaurant-chicago?adjust_creative=GWOCZh9-BmZxtdsAjr7Gug&utm_campaign=yelp_api_v3&utm_medium=api_v3_business_search&utm_source=GWOCZh9-BmZxtdsAjr7Gug,60611,-87.62287,41.89356
kiwMgtypE3TRrUkmTwA2Zw,armitage-alehouse-chicago,"['pubs', 'british', 'seafood']",3,False,17732706402,1000 W Armitage Ave,4.5,490,[],https://s3-media0.fl.yelpcdn.com/bphoto/eW99z8kosu3zy1ZmTfcP4A/o.jpg,https://www.yelp.com/biz/armitage-alehouse-chicago?adjust_creative=GWOCZh9-BmZxtdsAjr7Gug&utm_campaign=yelp_api_v3&utm_medium=api_v3_business_search&utm_source=GWOCZh9-BmZxtdsAjr7Gug,60614,-87.65359,41.91838
vvhfPV-Llkd4fE2SHuLVvA,the-gage-chicago,"['newamerican', 'cocktailbars']",2,False,13123724243,24 S Michigan Ave,4.2,3627,"['pickup', 'delivery']",https://s3-media0.fl.yelpcdn.com/bphoto/cc3_kSvZf5RJVw3FnIe6bg/o.jpg,https://www.yelp.com/biz/the-gage-chicago?adjust_creative=GWOCZh9-BmZxtdsAjr7Gug&utm_campaign=yelp_api_v3&utm_medium=api_v3_business_search&utm_source=GWOCZh9-BmZxtdsAjr7Gug,60603,-87.624698,41.881369
FzYi3AVHoYZnWXe1BQrQEw,mott-st-chicago-2,"['asianfusion', 'bars']",2,False,17736879977,1401 N Ashland Ave,4.0,1110,"['pickup', 'delivery']",https://s3-media0.fl.yelpcdn.com/bphoto/iBWTHWKtysWkh3584nK-dw/o.jpg,https://www.yelp.com/biz/mott-st-chicago-2?adjust_creative=GWOCZh9-BmZxtdsAjr7Gug&utm_campaign=yelp_api_v3&utm_medium=api_v3_business_search&utm_source=GWOCZh9-BmZxtdsAjr7Gug,60622,-87.6673834605751,41.9071254164458
faOpq9ORL0FlsMrou2NYug,amaru-chicago,"['latin', 'caribbean', 'cocktailbars']",3,False,17736879790,1904 W North Ave,4.7,452,[],https://s3-media0.fl.yelpcdn.com/bphoto/tfmIEwKvIdytd-_ZBJnxyQ/o.jpg,https://www.yelp.com/biz/amaru-chicago?adjust_creative=GWOCZh9-BmZxtdsAjr7Gug&utm_campaign=yelp_api_v3&utm_medium=api_v3_business_search&utm_source=GWOCZh9-BmZxtdsAjr7Gug,60622,-87.675507,41.910699
7vsOVA4wrHP6f3DMQdD8og,volare-ristorante-italiano-chicago,['italian'],3,False,13124109900,201 E Grand Ave,4.3,3091,"['pickup', 'restaurant_reservation', 'delivery']",https://s3-media0.fl.yelpcdn.com/bphoto/88aPSSGsjO6R6l8lAEvnbg/o.jpg,https://www.yelp.com/biz/volare-ristorante-italiano-chicago?adjust_creative=GWOCZh9-BmZxtdsAjr7Gug&utm_campaign=yelp_api_v3&utm_medium=api_v3_business_search&utm_source=GWOCZh9-BmZxtdsAjr7Gug,60611,-87.6225186472213,41.8915901798304
UK5Xb8xqUOUBi5vQu0bQXQ,maple-and-ash-chicago,"['steak', 'seafood', 'breakfast_brunch']",4,False,13129448888,8 W Maple St,4.2,2445,"['pickup', 'delivery']",https://s3-media0.fl.yelpcdn.com/bphoto/lgSei6itROdbc1SGqqgTlA/o.jpg,https://www.yelp.com/biz/maple-and-ash-chicago?adjust_creative=GWOCZh9-BmZxtdsAjr7Gug&utm_campaign=yelp_api_v3&utm_medium=api_v3_business_search&utm_source=GWOCZh9-BmZxtdsAjr7Gug,60610,-87.6286945502972,41.9021130633339
o0DaPvRb4IWH7hUWVCnoGw,monteverde-chicago,"['italian', 'desserts', 'wine_bars']",3,False,13128883041,1020 W Madison St,4.5,1440,['delivery'],https://s3-media0.fl.yelpcdn.com/bphoto/A0UG6ziTe9jmMbDC4O8fVg/o.jpg,https://www.yelp.com/biz/monteverde-chicago?adjust_creative=GWOCZh9-BmZxtdsAjr7Gug&utm_campaign=yelp_api_v3&utm_medium=api_v3_business_search&utm_source=GWOCZh9-BmZxtdsAjr7Gug,60607,-87.65302,41.88191
IMZE58oaY-gRlv3qK9BCdw,tuk-tuk-thai-isan-street-food-chicago,['thai'],2,False,17736619739,2852 N Clark St,4.4,285,"['pickup', 'delivery']",https://s3-media0.fl.yelpcdn.com/bphoto/2Q8FZBIaGOZpd87Isl657A/o.jpg,https://www.yelp.com/biz/tuk-tuk-thai-isan-street-food-chicago?adjust_creative=GWOCZh9-BmZxtdsAjr7Gug&utm_campaign=yelp_api_v3&utm_medium=api_v3_business_search&utm_source=GWOCZh9-BmZxtdsAjr7Gug,60657,-87.64626,41.934138
FiDxI03abCAfA4pgl1NJ1w,butcher-and-the-bear-chicago,"['steak', 'seafood', 'burgers']",4,False,13129550306,2721 N Halsted St,4.5,130,[],https://s3-media0.fl.yelpcdn.com/bphoto/waIww1UxsuopxVQ1qFif2Q/o.jpg,https://www.yelp.com/biz/butcher-and-the-bear-chicago?adjust_creative=GWOCZh9-BmZxtdsAjr7Gug&utm_campaign=yelp_api_v3&utm_medium=api_v3_business_search&utm_source=GWOCZh9-BmZxtdsAjr7Gug,60614,-87.648727,41.93223470574105
OM24LGQGFp1PfaiYrkOIbQ,lilac-tiger-chicago-2,"['indpak', 'cocktailbars']",2,True,0,1742 W Division St,4.3,39,"['pickup', 'delivery']",https://s3-media0.fl.yelpcdn.com/bphoto/kkEQ0ydu9bJt0FtHyMEY0g/o.jpg,https://www.yelp.com/biz/lilac-tiger-chicago-2?adjust_creative=GWOCZh9-BmZxtdsAjr7Gug&utm_campaign=yelp_api_v3&utm_medium=api_v3_business_search&utm_source=GWOCZh9-BmZxtdsAjr7Gug,60622,-87.6717396453023,41.903512007398334
QFg4CAuJRC98_GXVjyrRpA,chengdu-bistro-chicago-2,['chinese'],2,True,18723152926,2211 W North Ave,4.5,47,"['restaurant_reservation', 'delivery', 'pickup']",https://s3-media0.fl.yelpcdn.com/bphoto/UkEZNdqMlkkF10Tc0Ht3Uw/o.jpg,https://www.yelp.com/biz/chengdu-bistro-chicago-2?adjust_creative=GWOCZh9-BmZxtdsAjr7Gug&utm_campaign=yelp_api_v3&utm_medium=api_v3_business_search&utm_source=GWOCZh9-BmZxtdsAjr7Gug,60647,-87.682875841856,41.91020072350959
XKUZV9O2sRFLDIpAmwmG5g,boka-chicago,['newamerican'],4,False,13123376070,1729 N Halsted St,4.3,1868,"['pickup', 'delivery']",https://s3-media0.fl.yelpcdn.com/bphoto/vwZ5WBrKuUyTpDf0YxftBQ/o.jpg,https://www.yelp.com/biz/boka-chicago?adjust_creative=GWOCZh9-BmZxtdsAjr7Gug&utm_campaign=yelp_api_v3&utm_medium=api_v3_business_search&utm_source=GWOCZh9-BmZxtdsAjr7Gug,60614,-87.6480859,41.9135158
Jht3PLwPH693bseS7J0FDA,maxwells-trading-chicago,['newamerican'],3,True,13128964410,1516 W Carroll Ave,4.5,161,[],https://s3-media0.fl.yelpcdn.com/bphoto/8DVpIeKJTCE_ICerptQsTQ/o.jpg,https://www.yelp.com/biz/maxwells-trading-chicago?adjust_creative=GWOCZh9-BmZxtdsAjr7Gug&utm_campaign=yelp_api_v3&utm_medium=api_v3_business_search&utm_source=GWOCZh9-BmZxtdsAjr7Gug,60607,-87.665248028934,41.88767535355601
PdbRfCs6fHZacu6L_5oHnA,bistro-monadnock-chicago,"['french', 'cocktailbars']",3,True,13129457040,325 S Federal St,4.7,145,[],https://s3-media0.fl.yelpcdn.com/bphoto/2M_uLc8u9nhLeFf1Uvg9ZA/o.jpg,https://www.yelp.com/biz/bistro-monadnock-chicago?adjust_creative=GWOCZh9-BmZxtdsAjr7Gug&utm_campaign=yelp_api_v3&utm_medium=api_v3_business_search&utm_source=GWOCZh9-BmZxtdsAjr7Gug,60604,-87.629628,41.877754
XR7K-0DlG3dikV4nRXPjYQ,matilda-chicago-3,"['mexican', 'peruvian', 'cocktailbars']",2,True,0,535 N Wells St,4.8,23,[],https://s3-media0.fl.yelpcdn.com/bphoto/sfMZXUw5vviqQtvq5Et0QQ/o.jpg,https://www.yelp.com/biz/matilda-chicago-3?adjust_creative=GWOCZh9-BmZxtdsAjr7Gug&utm_campaign=yelp_api_v3&utm_medium=api_v3_business_search&utm_source=GWOCZh9-BmZxtdsAjr7Gug,60654,-87.63378,41.89188
rzeQrwEuv1lo_wu1oD_brA,mirella-s-tavern-chicago,['restaurants'],2,True,17732706196,2056 W Division St,4.4,66,"['pickup', 'delivery']",https://s3-media0.fl.yelpcdn.com/bphoto/9_cmjjPLv0u0jSeL02ogOQ/o.jpg,https://www.yelp.com/biz/mirella-s-tavern-chicago?adjust_creative=GWOCZh9-BmZxtdsAjr7Gug&utm_campaign=yelp_api_v3&utm_medium=api_v3_business_search&utm_source=GWOCZh9-BmZxtdsAjr7Gug,60622,-87.679574,41.90337419999999
mvFimrcREBIDo-pLAhMfNg,avec-chicago-chicago,['mediterranean'],3,False,13123772002,615 W Randolph St,4.3,2604,"['pickup', 'delivery']",https://s3-media0.fl.yelpcdn.com/bphoto/qaNnaZ-GhXg8-gGZIeWY4g/o.jpg,https://www.yelp.com/biz/avec-chicago-chicago?adjust_creative=GWOCZh9-BmZxtdsAjr7Gug&utm_campaign=yelp_api_v3&utm_medium=api_v3_business_search&utm_source=GWOCZh9-BmZxtdsAjr7Gug,60661,-87.6433979433133,41.884290441849
W83v9XeJyspMiJ7CwThvVQ,seville-chicago-chicago,"['spanish', 'mediterranean', 'cocktailbars']",2,True,17733390362,243 S Franklin St,4.3,83,"['pickup', 'delivery']",https://s3-media0.fl.yelpcdn.com/bphoto/-WzsOoCtsvuEZmm_aUpmuw/o.jpg,https://www.yelp.com/biz/seville-chicago-chicago?adjust_creative=GWOCZh9-BmZxtdsAjr7Gug&utm_campaign=yelp_api_v3&utm_medium=api_v3_business_search&utm_source=GWOCZh9-BmZxtdsAjr7Gug,60606,-87.6350425,41.87845447072228
ruWJerAc9VW23GvegYddnQ,gaijin-chicago,['japanese'],2,False,13122651348,950 W Lake St,4.3,762,"['pickup', 'delivery']",https://s3-media0.fl.yelpcdn.com/bphoto/Uf8BGwoDAl8uFQHskAGFYA/o.jpg,https://www.yelp.com/biz/gaijin-chicago?adjust_creative=GWOCZh9-BmZxtdsAjr7Gug&utm_campaign=yelp_api_v3&utm_medium=api_v3_business_search&utm_source=GWOCZh9-BmZxtdsAjr7Gug,60607,-87.65182,41.88583
0VEE9H6OuGaswhC70tjKeQ,beatrix-streeterville-chicago-2,"['newamerican', 'diners', 'coffee']",2,False,13126420001,671 N St Clair St,4.3,1435,"['pickup', 'delivery']",https://s3-media0.fl.yelpcdn.com/bphoto/H6NKF0UVi0mwUeK19URnqQ/o.jpg,https://www.yelp.com/biz/beatrix-streeterville-chicago-2?adjust_creative=GWOCZh9-BmZxtdsAjr7Gug&utm_campaign=yelp_api_v3&utm_medium=api_v3_business_search&utm_source=GWOCZh9-BmZxtdsAjr7Gug,60611,-87.62261,41.89439
HuB9hjq-X4LEEqxN2RhAVw,kama-chicago-2,"['indpak', 'beerbar', 'cocktailbars']",2,True,17739047640,1560 N Milwaukee Ave,4.3,110,"['delivery', 'pickup']",https://s3-media0.fl.yelpcdn.com/bphoto/3GhZ7ERAK-1mV0q1iZ6RDQ/o.jpg,https://www.yelp.com/biz/kama-chicago-2?adjust_creative=GWOCZh9-BmZxtdsAjr7Gug&utm_campaign=yelp_api_v3&utm_medium=api_v3_business_search&utm_source=GWOCZh9-BmZxtdsAjr7Gug,60622,-87.676833,41.90971
incGwtfg6rwT00w9WAqE0A,apolonia-chicago,"['modern_european', 'bars', 'mediterranean']",3,False,13123632431,2201 S Michigan Ave,4.4,306,[],https://s3-media0.fl.yelpcdn.com/bphoto/uhla3PK6YfCc---649vrNg/o.jpg,https://www.yelp.com/biz/apolonia-chicago?adjust_creative=GWOCZh9-BmZxtdsAjr7Gug&utm_campaign=yelp_api_v3&utm_medium=api_v3_business_search&utm_source=GWOCZh9-BmZxtdsAjr7Gug,60616,-87.62361,41.85267
0ucCbCekcn5XdzvRXnHl2w,desert-hawk-chicago,"['tradamerican', 'bars']",3,True,0,2049 W Division St,4.6,41,[],https://s3-media0.fl.yelpcdn.com/bphoto/Wvt0tJNb-HbxRnBQ7iUUPQ/o.jpg,https://www.yelp.com/biz/desert-hawk-chicago?adjust_creative=GWOCZh9-BmZxtdsAjr7Gug&utm_campaign=yelp_api_v3&utm_medium=api_v3_business_search&utm_source=GWOCZh9-BmZxtdsAjr7Gug,60622,-87.67917606979607,41.90288666670101
0qW7MJ0trxnoWzCHBiBgbQ,union-chicago-4,"['newamerican', 'pubs']",3,True,17736977788,2202 N California Ave,4.5,72,[],https://s3-media0.fl.yelpcdn.com/bphoto/SaHK7Xl8sKFH0SDoP6Lp8w/o.jpg,https://www.yelp.com/biz/union-chicago-4?adjust_creative=GWOCZh9-BmZxtdsAjr7Gug&utm_campaign=yelp_api_v3&utm_medium=api_v3_business_search&utm_source=GWOCZh9-BmZxtdsAjr7Gug,60647,-87.69769,41.9218
g-FNZCErYf4CuEb8EWYDuQ,mahanakhon-noodle-bar-chicago,"['thai', 'noodles']",2,True,17739753333,2907 N Lincoln Ave,4.8,33,"['delivery', 'pickup']",https://s3-media0.fl.yelpcdn.com/bphoto/ciifGqUgsOPnGXxtlfrJcQ/o.jpg,https://www.yelp.com/biz/mahanakhon-noodle-bar-chicago?adjust_creative=GWOCZh9-BmZxtdsAjr7Gug&utm_campaign=yelp_api_v3&utm_medium=api_v3_business_search&utm_source=GWOCZh9-BmZxtdsAjr7Gug,60657,-87.661455,41.934736
bmTC5TdAQh0s2y24nTS4bA,kayao-chicago,"['peruvian', 'beerbar', 'cocktailbars']",3,True,18723422246,1252 N Wells St,4.4,88,[],https://s3-media0.fl.yelpcdn.com/bphoto/4Wja0ifExm6ZLGoGFh-R1Q/o.jpg,https://www.yelp.com/biz/kayao-chicago?adjust_creative=GWOCZh9-BmZxtdsAjr7Gug&utm_campaign=yelp_api_v3&utm_medium=api_v3_business_search&utm_source=GWOCZh9-BmZxtdsAjr7Gug,60610,-87.63487429999999,41.90541208020734
NCbmJtryUXXg1mtoZg8aJg,tak-korean-bistro-and-karaoke-chicago,"['korean', 'karaoke', 'cocktailbars']",3,False,13127226632,"1132 S Wabash Ave, Lower Level",4.4,126,"['pickup', 'delivery']",https://s3-media0.fl.yelpcdn.com/bphoto/TPcDriS5OH-4F6FHqj-fwQ/o.jpg,https://www.yelp.com/biz/tak-korean-bistro-and-karaoke-chicago?adjust_creative=GWOCZh9-BmZxtdsAjr7Gug&utm_campaign=yelp_api_v3&utm_medium=api_v3_business_search&utm_source=GWOCZh9-BmZxtdsAjr7Gug,60605,-87.62635,41.86823
apo9fX6Opmr2Z87sm-_cfg,all-together-now-chicago,"['gourmet', 'newamerican', 'beer_and_wine']",2,False,17736611599,2119 West Chicago Ave,4.5,134,"['delivery', 'pickup']",https://s3-media0.fl.yelpcdn.com/bphoto/DvMFTWqiDnYrJxGneDdtSQ/o.jpg,https://www.yelp.com/biz/all-together-now-chicago?adjust_creative=GWOCZh9-BmZxtdsAjr7Gug&utm_campaign=yelp_api_v3&utm_medium=api_v3_business_search&utm_source=GWOCZh9-BmZxtdsAjr7Gug,60622,-87.68051,41.89555
CsOBdkThymA-WUlwf_xa_Q,tama-chicago-2,"['greek', 'bars']",2,True,13129550212,1952 N Damen Ave,4.5,55,[],https://s3-media0.fl.yelpcdn.com/bphoto/hx-6_n6mTFQgva78nclpoA/o.jpg,https://www.yelp.com/biz/tama-chicago-2?adjust_creative=GWOCZh9-BmZxtdsAjr7Gug&utm_campaign=yelp_api_v3&utm_medium=api_v3_business_search&utm_source=GWOCZh9-BmZxtdsAjr7Gug,60647,-87.67786993822337,41.917433859834425
9mhqcimD0CYvqxzfj_VXnQ,little-bad-wolf-chicago,"['tradamerican', 'beerbar', 'cocktailbars']",2,False,17739426399,1541 W Bryn Mawr Ave,4.4,2496,"['delivery', 'pickup']",https://s3-media0.fl.yelpcdn.com/bphoto/X_RUy9GZ5DJRIzf9A739OQ/o.jpg,https://www.yelp.com/biz/little-bad-wolf-chicago?adjust_creative=GWOCZh9-BmZxtdsAjr7Gug&utm_campaign=yelp_api_v3&utm_medium=api_v3_business_search&utm_source=GWOCZh9-BmZxtdsAjr7Gug,60660,-87.669057,41.983356
0IYXh7l_VppKw5y97FehoA,kasama-chicago,"['filipino', 'bakeries', 'newamerican']",2,False,17736973790,1001 N Winchester Ave,4.5,1230,['delivery'],https://s3-media0.fl.yelpcdn.com/bphoto/APJhh2bUtv_eUTh3GDtw_Q/o.jpg,https://www.yelp.com/biz/kasama-chicago?adjust_creative=GWOCZh9-BmZxtdsAjr7Gug&utm_campaign=yelp_api_v3&utm_medium=api_v3_business_search&utm_source=GWOCZh9-BmZxtdsAjr7Gug,60622,-87.6756,41.899692
_MnIiS_b3enHyx8Y62gd4Q,oriole-chicago,['newamerican'],4,False,13128775339,661 W Walnut St,4.7,425,"['delivery', 'pickup']",https://s3-media0.fl.yelpcdn.com/bphoto/XNJqhprLeyn_gb8zYnPJyA/o.jpg,https://www.yelp.com/biz/oriole-chicago?adjust_creative=GWOCZh9-BmZxtdsAjr7Gug&utm_campaign=yelp_api_v3&utm_medium=api_v3_business_search&utm_source=GWOCZh9-BmZxtdsAjr7Gug,60661,-87.6449481,41.8860966
ATbuE6MdSeYLIxcfB8MYCA,cabra-chicago-2,['peruvian'],3,False,13127611717,200 N Green St,4.2,890,['delivery'],https://s3-media0.fl.yelpcdn.com/bphoto/AodXsI8hnevZb7dINgk-Bw/o.jpg,https://www.yelp.com/biz/cabra-chicago-2?adjust_creative=GWOCZh9-BmZxtdsAjr7Gug&utm_campaign=yelp_api_v3&utm_medium=api_v3_business_search&utm_source=GWOCZh9-BmZxtdsAjr7Gug,60607,-87.649086,41.885851
B3s6h5OFne0C5ygKSevJpA,rudy-s-ramen-chicago,['ramen'],2,False,13129657187,1146 N Milwaukee Ave,4.7,158,"['delivery', 'pickup']",https://s3-media0.fl.yelpcdn.com/bphoto/9P6aTCu4xbaF2-fvQ4EXPw/o.jpg,https://www.yelp.com/biz/rudy-s-ramen-chicago?adjust_creative=GWOCZh9-BmZxtdsAjr7Gug&utm_campaign=yelp_api_v3&utm_medium=api_v3_business_search&utm_source=GWOCZh9-BmZxtdsAjr7Gug,60642,-87.66536544877775,41.90252543864915
tQoQbc3vAo3qdTDiNgSekA,pleasant-house-pub-chicago-3,"['british', 'pubs', 'breakfast_brunch']",2,False,17735237437,2119 S Halsted St,4.4,1001,"['delivery', 'pickup']",https://s3-media0.fl.yelpcdn.com/bphoto/qzQBx5S6C-Vm9xhlPEozQQ/o.jpg,https://www.yelp.com/biz/pleasant-house-pub-chicago-3?adjust_creative=GWOCZh9-BmZxtdsAjr7Gug&utm_campaign=yelp_api_v3&utm_medium=api_v3_business_search&utm_source=GWOCZh9-BmZxtdsAjr7Gug,60608,-87.64621,41.85357
iOMvXQYFl6_mtw0wX6ZUXw,forbidden-root-chicago,"['brewpubs', 'tapasmallplates', 'cocktailbars']",2,False,13129292202,1746 W Chicago Ave,4.3,634,"['delivery', 'pickup']",https://s3-media0.fl.yelpcdn.com/bphoto/flCaVpuO0bD6PAuWBntEnA/o.jpg,https://www.yelp.com/biz/forbidden-root-chicago?adjust_creative=GWOCZh9-BmZxtdsAjr7Gug&utm_campaign=yelp_api_v3&utm_medium=api_v3_business_search&utm_source=GWOCZh9-BmZxtdsAjr7Gug,60622,-87.671551,41.89628
KSN52IyGX6tsKLFyXfRCzg,gussies-handmade-italian-chicago,"['italian', 'desserts', 'salad']",2,False,13129293091,227 W North Ave,4.3,343,"['delivery', 'pickup']",https://s3-media0.fl.yelpcdn.com/bphoto/7P24aZ5aBBaBKVNxhwbHhA/o.jpg,https://www.yelp.com/biz/gussies-handmade-italian-chicago?adjust_creative=GWOCZh9-BmZxtdsAjr7Gug&utm_campaign=yelp_api_v3&utm_medium=api_v3_business_search&utm_source=GWOCZh9-BmZxtdsAjr7Gug,60610,-87.6359135883639,41.91098828028453
l_602ggEZES7dW_WeOmKYA,elia-chicago,"['turkish', 'mediterranean', 'halal']",2,True,17737703658,1938 W Division St,4.0,121,"['pickup', 'delivery', 'restaurant_reservation']",https://s3-media0.fl.yelpcdn.com/bphoto/Nb73usJ0nSu-HgwJi7ovVg/o.jpg,https://www.yelp.com/biz/elia-chicago?adjust_creative=GWOCZh9-BmZxtdsAjr7Gug&utm_campaign=yelp_api_v3&utm_medium=api_v3_business_search&utm_source=GWOCZh9-BmZxtdsAjr7Gug,60622,-87.676424,41.903503
dro6ttzG0H2PlES0gI8LIg,tortello-chicago,"['pastashops', 'italian', 'salad']",2,False,17733601293,1746 W Division St,4.3,562,['delivery'],https://s3-media0.fl.yelpcdn.com/bphoto/D8lGceXgKYT3Gq8x_-KQaA/o.jpg,https://www.yelp.com/biz/tortello-chicago?adjust_creative=GWOCZh9-BmZxtdsAjr7Gug&utm_campaign=yelp_api_v3&utm_medium=api_v3_business_search&utm_source=GWOCZh9-BmZxtdsAjr7Gug,60622,-87.67186413269891,41.90343739642855
hMNHD9LHs_R3vFCfTOGorw,izakaya-shinya-chicago,"['ramen', 'cocktailbars', 'izakaya']",2,True,13128808133,2255 W North Ave,4.2,171,"['pickup', 'delivery']",https://s3-media0.fl.yelpcdn.com/bphoto/491oQAKES-sjY7tCNGwh8Q/o.jpg,https://www.yelp.com/biz/izakaya-shinya-chicago?adjust_creative=GWOCZh9-BmZxtdsAjr7Gug&utm_campaign=yelp_api_v3&utm_medium=api_v3_business_search&utm_source=GWOCZh9-BmZxtdsAjr7Gug,60647,-87.684546,41.910173
t2nXebM7aqTj_qq6saZ89g,eataly-chicago-chicago-6,"['pizza', 'italian', 'intlgrocery']",2,False,13125218700,43 E Ohio St,3.9,4613,"['delivery', 'pickup']",https://s3-media0.fl.yelpcdn.com/bphoto/-51tE5R_DODX6IBAOqkEeA/o.jpg,https://www.yelp.com/biz/eataly-chicago-chicago-6?adjust_creative=GWOCZh9-BmZxtdsAjr7Gug&utm_campaign=yelp_api_v3&utm_medium=api_v3_business_search&utm_source=GWOCZh9-BmZxtdsAjr7Gug,60611,-87.6262607945148,41.892335432963
TpnJu57_NYEjgJyL6klurg,perilla-steakhouse-chicago-5,"['steak', 'korean', 'cocktailbars']",3,True,13122369300,225 N Wabash Ave,4.2,126,"['delivery', 'pickup']",https://s3-media0.fl.yelpcdn.com/bphoto/C_9edXz-MtkkawpF-u0oIw/o.jpg,https://www.yelp.com/biz/perilla-steakhouse-chicago-5?adjust_creative=GWOCZh9-BmZxtdsAjr7Gug&utm_campaign=yelp_api_v3&utm_medium=api_v3_business_search&utm_source=GWOCZh9-BmZxtdsAjr7Gug,60601,-87.62604,41.88655
bQDXNksi5lQ4YRv0kGSzjQ,the-welcome-back-lounge-chicago,"['tradamerican', 'breakfast_brunch', 'cocktailbars']",2,False,17738252800,2423 N Milwaukee Ave,4.5,128,"['delivery', 'pickup']",https://s3-media0.fl.yelpcdn.com/bphoto/TjCUcUaKkS9YHQY6RI0PRg/o.jpg,https://www.yelp.com/biz/the-welcome-back-lounge-chicago?adjust_creative=GWOCZh9-BmZxtdsAjr7Gug&utm_campaign=yelp_api_v3&utm_medium=api_v3_business_search&utm_source=GWOCZh9-BmZxtdsAjr7Gug,60647,-87.701022,41.92549
WyjV1N1iQcXnk9_oLHaKxw,pinched-on-the-river-chicago,"['mediterranean', 'wine_bars']",2,False,13125263883,443 E Illinois St,4.4,495,"['delivery', 'pickup']",https://s3-media0.fl.yelpcdn.com/bphoto/XTSO346yeQ3HDZVLg-_JaA/o.jpg,https://www.yelp.com/biz/pinched-on-the-river-chicago?adjust_creative=GWOCZh9-BmZxtdsAjr7Gug&utm_campaign=yelp_api_v3&utm_medium=api_v3_business_search&utm_source=GWOCZh9-BmZxtdsAjr7Gug,60611,-87.6161529,41.8909516
Enf_3DXmppx19hFGs0UDKw,la-nonna-chicago,"['argentine', 'italian']",2,False,17732534741,3400 N Lawndale Ave,4.7,432,"['delivery', 'pickup']",https://s3-media0.fl.yelpcdn.com/bphoto/-jBN1TM7gcCGELyAk3B-RA/o.jpg,https://www.yelp.com/biz/la-nonna-chicago?adjust_creative=GWOCZh9-BmZxtdsAjr7Gug&utm_campaign=yelp_api_v3&utm_medium=api_v3_business_search&utm_source=GWOCZh9-BmZxtdsAjr7Gug,60618,-87.7203016,41.9429574
FwDHTTQeq2-9oIk13r37aw,sotto-chicago,['italian'],3,True,13123327475,71 W Monroe St Lower Level,4.3,6,[],https://s3-media0.fl.yelpcdn.com/bphoto/A_tBUcrZ4vZWuvyzcOMDrw/o.jpg,https://www.yelp.com/biz/sotto-chicago?adjust_creative=GWOCZh9-BmZxtdsAjr7Gug&utm_campaign=yelp_api_v3&utm_medium=api_v3_business_search&utm_source=GWOCZh9-BmZxtdsAjr7Gug,60603,-87.63014,41.88039
m5_GCJP2W4zEJnyVgxa3eA,longman-and-eagle-chicago,"['gastropubs', 'whiskeybars', 'tradamerican']",2,False,17732767110,2657 N Kedzie Ave,4.1,2624,"['delivery', 'pickup']",https://s3-media0.fl.yelpcdn.com/bphoto/nkFuSeLKVdj4EYFWZFahuA/o.jpg,https://www.yelp.com/biz/longman-and-eagle-chicago?adjust_creative=GWOCZh9-BmZxtdsAjr7Gug&utm_campaign=yelp_api_v3&utm_medium=api_v3_business_search&utm_source=GWOCZh9-BmZxtdsAjr7Gug,60647,-87.707222394898,41.930156679293
YghqKXYrA7mvQkkrhMYSHw,chubby-cattle-chicago-10,"['bbq', 'japanese', 'steak']",4,False,17734519398,2162 S Archer,4.5,308,['restaurant_reservation'],https://s3-media0.fl.yelpcdn.com/bphoto/DGwBECAXhZFq41iPtSmSmw/o.jpg,https://www.yelp.com/biz/chubby-cattle-chicago-10?adjust_creative=GWOCZh9-BmZxtdsAjr7Gug&utm_campaign=yelp_api_v3&utm_medium=api_v3_business_search&utm_source=GWOCZh9-BmZxtdsAjr7Gug,60616,-87.6345661,41.8534739
p-a5uSlaIENNTmoYqOvTYA,denuccis-lincoln-park,"['newamerican', 'italian']",3,False,17736978780,503 W Dickens Ave,4.4,210,[],https://s3-media0.fl.yelpcdn.com/bphoto/qYmj4pLnnHYLkLH3bRL8Cw/o.jpg,https://www.yelp.com/biz/denuccis-lincoln-park?adjust_creative=GWOCZh9-BmZxtdsAjr7Gug&utm_campaign=yelp_api_v3&utm_medium=api_v3_business_search&utm_source=GWOCZh9-BmZxtdsAjr7Gug,60614,-87.6414504647255,41.91993037383063
bPiaa7fgHkC9l7B2HyS0aw,cedar-palace-chicago-2,"['lebanese', 'falafel']",2,False,13126430933,655 W Armitage Ave,4.8,505,"['pickup', 'delivery']",https://s3-media0.fl.yelpcdn.com/bphoto/TcWClplXd-snEKEZttMPCA/o.jpg,https://www.yelp.com/biz/cedar-palace-chicago-2?adjust_creative=GWOCZh9-BmZxtdsAjr7Gug&utm_campaign=yelp_api_v3&utm_medium=api_v3_business_search&utm_source=GWOCZh9-BmZxtdsAjr7Gug,60614,-87.645757,41.918054
VTvA123KB4mH9etLGvEYlA,oliver-s-chicago,"['seafood', 'burgers', 'cocktailbars']",3,True,12133203100,1639 S Wabash Ave,4.6,91,"['delivery', 'pickup']",https://s3-media0.fl.yelpcdn.com/bphoto/DTg-jmTx5NDz9oS-dmIR2g/o.jpg,https://www.yelp.com/biz/oliver-s-chicago?adjust_creative=GWOCZh9-BmZxtdsAjr7Gug&utm_campaign=yelp_api_v3&utm_medium=api_v3_business_search&utm_source=GWOCZh9-BmZxtdsAjr7Gug,60616,-87.62520072892792,41.85906589108441
ziIfrqtyupmeNlPAOx6jTw,quartino-ristorante-chicago,"['italian', 'wine_bars']",2,False,13126985000,626 N State St,4.2,6094,['delivery'],https://s3-media0.fl.yelpcdn.com/bphoto/sXuF8TAb3WlRV_hE3iMkRg/o.jpg,https://www.yelp.com/biz/quartino-ristorante-chicago?adjust_creative=GWOCZh9-BmZxtdsAjr7Gug&utm_campaign=yelp_api_v3&utm_medium=api_v3_business_search&utm_source=GWOCZh9-BmZxtdsAjr7Gug,60654,-87.62835547326355,41.8934479679332
PH2qRMJ2s4oqI1-9wlu2jw,rose-mary-chicago-2,"['italian', 'modern_european', 'cocktailbars']",4,False,18722603921,932 W Fulton Market,4.3,819,['delivery'],https://s3-media0.fl.yelpcdn.com/bphoto/1ohj2UxPl0rRVk_uUK1T-w/o.jpg,https://www.yelp.com/biz/rose-mary-chicago-2?adjust_creative=GWOCZh9-BmZxtdsAjr7Gug&utm_campaign=yelp_api_v3&utm_medium=api_v3_business_search&utm_source=GWOCZh9-BmZxtdsAjr7Gug,60607,-87.65119,41.88698
URjuAY-Nv-133vzQMe77tg,birdman-ramen-chicago,['ramen'],2,False,13125794459,212 E Ohio St,4.3,75,"['delivery', 'pickup']",https://s3-media0.fl.yelpcdn.com/bphoto/vL2TRgyDQ3kutcDExn2o8A/o.jpg,https://www.yelp.com/biz/birdman-ramen-chicago?adjust_creative=GWOCZh9-BmZxtdsAjr7Gug&utm_campaign=yelp_api_v3&utm_medium=api_v3_business_search&utm_source=GWOCZh9-BmZxtdsAjr7Gug,60654,-87.622044,41.892786
sJOPkTGLi53eB46ykvDeRg,farm-bar-lakeview-chicago,"['bars', 'newamerican', 'beer_and_wine']",2,False,17732812599,1300 W Wellington Ave,4.2,542,"['delivery', 'pickup']",https://s3-media0.fl.yelpcdn.com/bphoto/7llaReubpG36PeD2v_llSQ/o.jpg,https://www.yelp.com/biz/farm-bar-lakeview-chicago?adjust_creative=GWOCZh9-BmZxtdsAjr7Gug&utm_campaign=yelp_api_v3&utm_medium=api_v3_business_search&utm_source=GWOCZh9-BmZxtdsAjr7Gug,60657,-87.66141,41.93643
32t_t04aDAMRkhNksU0xsg,charlie-martins-chicago,['supperclubs'],2,True,13129293174,736 N Clark St,4.8,46,"['delivery', 'pickup']",https://s3-media0.fl.yelpcdn.com/bphoto/-2piz52WtE2Am94jxNO_RA/o.jpg,https://www.yelp.com/biz/charlie-martins-chicago?adjust_creative=GWOCZh9-BmZxtdsAjr7Gug&utm_campaign=yelp_api_v3&utm_medium=api_v3_business_search&utm_source=GWOCZh9-BmZxtdsAjr7Gug,60654,-87.631573,41.895974
_O2_9HL-pnb3ZvOOfjRDuA,shinhwa-korean-steakhouse-chicago-3,['korean'],3,False,13122919034,2407 S Wentworth Ave,4.3,107,['restaurant_reservation'],https://s3-media0.fl.yelpcdn.com/bphoto/9g_EO1kihdh9-25jKOfFUA/o.jpg,https://www.yelp.com/biz/shinhwa-korean-steakhouse-chicago-3?adjust_creative=GWOCZh9-BmZxtdsAjr7Gug&utm_campaign=yelp_api_v3&utm_medium=api_v3_business_search&utm_source=GWOCZh9-BmZxtdsAjr7Gug,60616,-87.63170820559958,41.848942923017454
KML-ctMyeT9OkmEO_zjQmw,bazaar-meat-by-josé-andrés-chicago-2,['steak'],4,False,13128206601,120 N Wacker Dr,4.3,211,[],https://s3-media0.fl.yelpcdn.com/bphoto/uar1D2TK36TgRE_vYh8fng/o.jpg,https://www.yelp.com/biz/bazaar-meat-by-jos%C3%A9-andr%C3%A9s-chicago-2?adjust_creative=GWOCZh9-BmZxtdsAjr7Gug&utm_campaign=yelp_api_v3&utm_medium=api_v3_business_search&utm_source=GWOCZh9-BmZxtdsAjr7Gug,60606,-87.63722299999999,41.8840009
r9zeenSk7DLkv3MwHbfkng,menya-goku-by-ramen-wasabi-chicago,['ramen'],2,False,17739426701,2207 W Montrose Ave,4.7,138,"['delivery', 'pickup']",https://s3-media0.fl.yelpcdn.com/bphoto/YUSehQQXGODCGSQp1ssNxw/o.jpg,https://www.yelp.com/biz/menya-goku-by-ramen-wasabi-chicago?adjust_creative=GWOCZh9-BmZxtdsAjr7Gug&utm_campaign=yelp_api_v3&utm_medium=api_v3_business_search&utm_source=GWOCZh9-BmZxtdsAjr7Gug,60618,-87.6841485,41.9612451
8kzFBxGtAiOARf-4dnjOCA,bar-sotto-chicago-2,"['beerbar', 'italian', 'cocktailbars']",3,True,13123327475,"71 W Monroe St, Lower Level",4.6,17,[],https://s3-media0.fl.yelpcdn.com/bphoto/YnO4eVDQAriPw6LCdNZybA/o.jpg,https://www.yelp.com/biz/bar-sotto-chicago-2?adjust_creative=GWOCZh9-BmZxtdsAjr7Gug&utm_campaign=yelp_api_v3&utm_medium=api_v3_business_search&utm_source=GWOCZh9-BmZxtdsAjr7Gug,60603,-87.63014,41.88039
kUpqpEqkBjZguS1uA6NQYA,en-hakkore-2-0-chicago-15,"['asianfusion', 'poke', 'sushi']",2,False,17732785959,1467 N Milwaukee Ave,4.6,609,"['delivery', 'pickup']",https://s3-media0.fl.yelpcdn.com/bphoto/QO3A1d-5GkMHMIknJYml0A/o.jpg,https://www.yelp.com/biz/en-hakkore-2-0-chicago-15?adjust_creative=GWOCZh9-BmZxtdsAjr7Gug&utm_campaign=yelp_api_v3&utm_medium=api_v3_business_search&utm_source=GWOCZh9-BmZxtdsAjr7Gug,60622,-87.67442096514347,41.90859268098761
hRoJc3vnia5CXXBTXL5Jtg,omakase-shoji-chicago,"['japanese', 'bars']",3,True,0,1641 W Chicago Ave,4.9,38,[],https://s3-media0.fl.yelpcdn.com/bphoto/7CnE1y7VwiHwyyZOIDb3Wg/o.jpg,https://www.yelp.com/biz/omakase-shoji-chicago?adjust_creative=GWOCZh9-BmZxtdsAjr7Gug&utm_campaign=yelp_api_v3&utm_medium=api_v3_business_search&utm_source=GWOCZh9-BmZxtdsAjr7Gug,60622,-87.66894076019526,41.895835501843294
PtqCsmnOow_ByOkj38eB8w,the-evie-chicago,"['tradamerican', 'sushi', 'steak']",3,False,13127013300,537 N Michigan Ave,4.5,277,"['pickup', 'delivery']",https://s3-media0.fl.yelpcdn.com/bphoto/1oVK9OyL-q4bf4ktvipQhg/o.jpg,https://www.yelp.com/biz/the-evie-chicago?adjust_creative=GWOCZh9-BmZxtdsAjr7Gug&utm_campaign=yelp_api_v3&utm_medium=api_v3_business_search&utm_source=GWOCZh9-BmZxtdsAjr7Gug,60611,-87.62390403884024,41.892207051940055
sWYRaPCYHrTxsZPLWmzkzQ,scofflaw-chicago,"['newamerican', 'cocktailbars']",3,False,17732529700,3201 W Armitage Ave,4.3,865,['delivery'],https://s3-media0.fl.yelpcdn.com/bphoto/0puz-l7yNvCXlA3ZdU24kg/o.jpg,https://www.yelp.com/biz/scofflaw-chicago?adjust_creative=GWOCZh9-BmZxtdsAjr7Gug&utm_campaign=yelp_api_v3&utm_medium=api_v3_business_search&utm_source=GWOCZh9-BmZxtdsAjr7Gug,60647,-87.7071762084961,41.9173240661621
etdDXmh2FnRgOgCRge5MAQ,ocean-grill-and-bar-chicago,['vietnamese'],2,False,13122261826,1826 S Canal St,4.3,164,"['pickup', 'delivery', 'restaurant_reservation']",https://s3-media0.fl.yelpcdn.com/bphoto/Lx-UsyOvxZmowRkouv13aA/o.jpg,https://www.yelp.com/biz/ocean-grill-and-bar-chicago?adjust_creative=GWOCZh9-BmZxtdsAjr7Gug&utm_campaign=yelp_api_v3&utm_medium=api_v3_business_search&utm_source=GWOCZh9-BmZxtdsAjr7Gug,60616,-87.63923,41.856734
dNahrgb_2WkgA4ZhONEHuA,botanero-chicago,"['mexican', 'lounges', 'cocktailbars']",2,True,17737703605,1413 N Ashland Ave,4.3,23,[],https://s3-media0.fl.yelpcdn.com/bphoto/Trir9dR9HW0bqyOZq4lJow/o.jpg,https://www.yelp.com/biz/botanero-chicago?adjust_creative=GWOCZh9-BmZxtdsAjr7Gug&utm_campaign=yelp_api_v3&utm_medium=api_v3_business_search&utm_source=GWOCZh9-BmZxtdsAjr7Gug,60622,-87.6672637090087,41.90746347699312
OOE9Bhk18RPZIL3O1OqH8g,qiao-lin-hotpot-chicago-downtown-chicago,"['hotpot', 'chinese']",3,False,13122852166,210 E Illinois St,4.6,168,['restaurant_reservation'],https://s3-media0.fl.yelpcdn.com/bphoto/v_RfRzxLf5L6bcOe91f_qg/o.jpg,https://www.yelp.com/biz/qiao-lin-hotpot-chicago-downtown-chicago?adjust_creative=GWOCZh9-BmZxtdsAjr7Gug&utm_campaign=yelp_api_v3&utm_medium=api_v3_business_search&utm_source=GWOCZh9-BmZxtdsAjr7Gug,60611,-87.622091,41.891236
OLLCYpaF_cWzrZ-Hd7FYMQ,lardon-chicago,"['cafes', 'sandwiches', 'wine_bars']",2,False,17736974444,2200 N California Ave,4.3,140,[],https://s3-media0.fl.yelpcdn.com/bphoto/qsajRXM_i7cOo-EPi0t2ig/o.jpg,https://www.yelp.com/biz/lardon-chicago?adjust_creative=GWOCZh9-BmZxtdsAjr7Gug&utm_campaign=yelp_api_v3&utm_medium=api_v3_business_search&utm_source=GWOCZh9-BmZxtdsAjr7Gug,60647,-87.69749321372282,41.92189183636727
asY7B6x7ZdTivOq4sElZQg,hoyts-chicago-chicago-3,"['tradamerican', 'beer_and_wine', 'cocktailbars']",2,True,13123469870,71 E Wacker Dr,4.5,4,[],https://s3-media0.fl.yelpcdn.com/bphoto/WeGEwCN6n1QTBenxBPMzKQ/o.jpg,https://www.yelp.com/biz/hoyts-chicago-chicago-3?adjust_creative=GWOCZh9-BmZxtdsAjr7Gug&utm_campaign=yelp_api_v3&utm_medium=api_v3_business_search&utm_source=GWOCZh9-BmZxtdsAjr7Gug,60601,-87.62569400000001,41.8873941
cyqK8gatPIaOYNvwq4yprA,olio-e-più-chicago-2,['italian'],3,False,13123633335,445 N Dearborn St,4.4,574,"['delivery', 'pickup']",https://s3-media0.fl.yelpcdn.com/bphoto/R48tM6hZcm2poWzi29Y4JQ/o.jpg,https://www.yelp.com/biz/olio-e-pi%C3%B9-chicago-2?adjust_creative=GWOCZh9-BmZxtdsAjr7Gug&utm_campaign=yelp_api_v3&utm_medium=api_v3_business_search&utm_source=GWOCZh9-BmZxtdsAjr7Gug,60654,-87.62939,41.89059
iiY5lZTcUqgxfU2It8pyUQ,il-girasole-trattoria-chicago,"['desserts', 'italian', 'soup']",3,True,18723152928,2700 N Western Ave,4.6,60,"['pickup', 'delivery']",https://s3-media0.fl.yelpcdn.com/bphoto/UDpRGZ5lW0LGdpCw8kauJA/o.jpg,https://www.yelp.com/biz/il-girasole-trattoria-chicago?adjust_creative=GWOCZh9-BmZxtdsAjr7Gug&utm_campaign=yelp_api_v3&utm_medium=api_v3_business_search&utm_source=GWOCZh9-BmZxtdsAjr7Gug,60647,-87.68807216688188,41.9304808
LnVv3v3uYa7g9MzqzII6tA,provare-chicago,"['cajun', 'italian', 'cocktailbars']",3,False,13129880943,1523 W Chicago Ave,4.3,442,['delivery'],https://s3-media0.fl.yelpcdn.com/bphoto/vHz0WPg-k66oJu1xsSAHtg/o.jpg,https://www.yelp.com/biz/provare-chicago?adjust_creative=GWOCZh9-BmZxtdsAjr7Gug&utm_campaign=yelp_api_v3&utm_medium=api_v3_business_search&utm_source=GWOCZh9-BmZxtdsAjr7Gug,60642,-87.66587719325405,41.89609753853198
ERYEi0job-Kwca1lkOcRhg,noodlebird-chicago,"['asianfusion', 'noodles']",2,False,17737544000,2957 W Diversey,4.3,130,"['pickup', 'delivery']",https://s3-media0.fl.yelpcdn.com/bphoto/GCdFIUMr58KVBJ7nG2bx7A/o.jpg,https://www.yelp.com/biz/noodlebird-chicago?adjust_creative=GWOCZh9-BmZxtdsAjr7Gug&utm_campaign=yelp_api_v3&utm_medium=api_v3_business_search&utm_source=GWOCZh9-BmZxtdsAjr7Gug,60647,-87.7023888774715,41.93194357461772
8wARj6QqmnSkUqLwoBCn7w,gibsons-italia-chicago-2,"['steak', 'italian', 'seafood']",3,False,13124141100,233 N Canal St,4.3,1042,['delivery'],https://s3-media0.fl.yelpcdn.com/bphoto/VF-gbJjGBkBYsBcc85i0Bg/o.jpg,https://www.yelp.com/biz/gibsons-italia-chicago-2?adjust_creative=GWOCZh9-BmZxtdsAjr7Gug&utm_campaign=yelp_api_v3&utm_medium=api_v3_business_search&utm_source=GWOCZh9-BmZxtdsAjr7Gug,60606,-87.63957346218746,41.88660415612635
SNMDHCuAwZQX-Chtq7Q5lA,nettare-chicago-2,"['cocktailbars', 'newamerican', 'cafes']",2,True,0,1953 W Chicago Ave,4.5,53,[],https://s3-media0.fl.yelpcdn.com/bphoto/_oLV6vx2fjInm-rdkBilqg/o.jpg,https://www.yelp.com/biz/nettare-chicago-2?adjust_creative=GWOCZh9-BmZxtdsAjr7Gug&utm_campaign=yelp_api_v3&utm_medium=api_v3_business_search&utm_source=GWOCZh9-BmZxtdsAjr7Gug,60622,-87.67662461847067,41.89575065216653
UKs05XWhbP0riI8O0Kv36w,boeufhaus-chicago,"['brasseries', 'cocktailbars', 'steak']",3,False,17736612116,1012 N Western Ave,4.2,483,['delivery'],https://s3-media0.fl.yelpcdn.com/bphoto/JdjZHqlAkka5I86ZshrB_g/o.jpg,https://www.yelp.com/biz/boeufhaus-chicago?adjust_creative=GWOCZh9-BmZxtdsAjr7Gug&utm_campaign=yelp_api_v3&utm_medium=api_v3_business_search&utm_source=GWOCZh9-BmZxtdsAjr7Gug,60622,-87.687487,41.899831
IqJKz6-IBIbcfUcotMXO8Q,cafe-istanbul-chicago-4,"['turkish', 'mediterranean']",2,False,17736619487,2014 W Division St,4.5,359,"['pickup', 'delivery']",https://s3-media0.fl.yelpcdn.com/bphoto/p9ItsZSsPz7hILRYWkteZQ/o.jpg,https://www.yelp.com/biz/cafe-istanbul-chicago-4?adjust_creative=GWOCZh9-BmZxtdsAjr7Gug&utm_campaign=yelp_api_v3&utm_medium=api_v3_business_search&utm_source=GWOCZh9-BmZxtdsAjr7Gug,60622,-87.6778866,41.9034987
-otD9myzwCgSYXdcx90jLQ,dear-margaret-chicago,"['french', 'comfortfood', 'desserts']",3,False,17733608213,2965 N Lincoln Ave,4.6,167,['delivery'],https://s3-media0.fl.yelpcdn.com/bphoto/NcLrflRO5HFW5VZlE_TzFg/o.jpg,https://www.yelp.com/biz/dear-margaret-chicago?adjust_creative=GWOCZh9-BmZxtdsAjr7Gug&utm_campaign=yelp_api_v3&utm_medium=api_v3_business_search&utm_source=GWOCZh9-BmZxtdsAjr7Gug,60657,-87.662938,41.935833
eTDiXThHbw1FYNSGoeGB-Q,cumin-lakeview-chicago,"['indpak', 'himalayan']",2,True,17736879024,1039 W Belmont Ave,4.6,33,"['pickup', 'delivery']",https://s3-media0.fl.yelpcdn.com/bphoto/krppYAga5bA2HmJRPc-K3Q/o.jpg,https://www.yelp.com/biz/cumin-lakeview-chicago?adjust_creative=GWOCZh9-BmZxtdsAjr7Gug&utm_campaign=yelp_api_v3&utm_medium=api_v3_business_search&utm_source=GWOCZh9-BmZxtdsAjr7Gug,60657,-87.65574289999999,41.93970291312647
0EcR5_zMAdyWf96owSBYbw,wolf-and-company-chicago,"['cocktailbars', 'burgers', 'delis']",2,True,13126279653,1752 N Western Ave,4.2,50,[],https://s3-media0.fl.yelpcdn.com/bphoto/_WE1TfhZ8sXB9hFWOUvs-Q/o.jpg,https://www.yelp.com/biz/wolf-and-company-chicago?adjust_creative=GWOCZh9-BmZxtdsAjr7Gug&utm_campaign=yelp_api_v3&utm_medium=api_v3_business_search&utm_source=GWOCZh9-BmZxtdsAjr7Gug,60647,-87.68777157055223,41.91380989193472
Yc_VAHPXcl_h2CeEr_XfkQ,bolivar-and-lincoln-venezuelan-cafe-chicago,"['cafes', 'venezuelan']",2,True,13129981735,3349 N Sheffield Ave,4.8,271,"['pickup', 'delivery']",https://s3-media0.fl.yelpcdn.com/bphoto/507UhGiCX5NJoEgDb8N5Lg/o.jpg,https://www.yelp.com/biz/bolivar-and-lincoln-venezuelan-cafe-chicago?adjust_creative=GWOCZh9-BmZxtdsAjr7Gug&utm_campaign=yelp_api_v3&utm_medium=api_v3_business_search&utm_source=GWOCZh9-BmZxtdsAjr7Gug,60657,-87.65401,41.943218
yHp_qrNBnx6CmoN3RkdDLw,mano-a-mano-chicago-2,"['coffee', 'italian', 'wine_bars']",2,True,0,2534 N Milwaukee Ave,4.2,61,"['pickup', 'delivery']",https://s3-media0.fl.yelpcdn.com/bphoto/6zbF81ecWABT7-PNrfq_9g/o.jpg,https://www.yelp.com/biz/mano-a-mano-chicago-2?adjust_creative=GWOCZh9-BmZxtdsAjr7Gug&utm_campaign=yelp_api_v3&utm_medium=api_v3_business_search&utm_source=GWOCZh9-BmZxtdsAjr7Gug,60647,-87.70485,41.92719
0Zu5S3zJvLC1Ve7kGAttDQ,bárbaro-taquería-chicago,"['mexican', 'cocktailbars']",2,False,17736978913,2525 W North Ave,4.5,205,"['pickup', 'delivery']",https://s3-media0.fl.yelpcdn.com/bphoto/00W6gWPyILBBvIfVO_QnIA/o.jpg,https://www.yelp.com/biz/b%C3%A1rbaro-taquer%C3%ADa-chicago?adjust_creative=GWOCZh9-BmZxtdsAjr7Gug&utm_campaign=yelp_api_v3&utm_medium=api_v3_business_search&utm_source=GWOCZh9-BmZxtdsAjr7Gug,60647,-87.69074,41.90997
9aUbPj7dgcjdqF_C0OKjPQ,gavroche-chicago,['french'],3,True,13128988925,1529 N Wells St,4.4,49,[],https://s3-media0.fl.yelpcdn.com/bphoto/ZMKGxH4B6-VDcutPTi_Deg/o.jpg,https://www.yelp.com/biz/gavroche-chicago?adjust_creative=GWOCZh9-BmZxtdsAjr7Gug&utm_campaign=yelp_api_v3&utm_medium=api_v3_business_search&utm_source=GWOCZh9-BmZxtdsAjr7Gug,60611,-87.63424,41.91
LYppbvgJlBG0SqjSKFiFGg,sapori-trattoria-chicago,"['italian', 'desserts', 'cocktailbars']",3,False,17738329999,2701 N Halsted St,4.4,3011,"['pickup', 'delivery']",https://s3-media0.fl.yelpcdn.com/bphoto/AicJhqa0W6ZPgP41Rz6WNw/o.jpg,https://www.yelp.com/biz/sapori-trattoria-chicago?adjust_creative=GWOCZh9-BmZxtdsAjr7Gug&utm_campaign=yelp_api_v3&utm_medium=api_v3_business_search&utm_source=GWOCZh9-BmZxtdsAjr7Gug,60614,-87.64859,41.93166
fDpryalBDQhHoll8UKRaXw,way-out-chicago,"['chicken_wings', 'cocktailbars']",2,True,17737998750,3213 W Armitage Ave,4.6,36,['delivery'],https://s3-media0.fl.yelpcdn.com/bphoto/JKDQKi62K2cc3Pow6Ii70w/o.jpg,https://www.yelp.com/biz/way-out-chicago?adjust_creative=GWOCZh9-BmZxtdsAjr7Gug&utm_campaign=yelp_api_v3&utm_medium=api_v3_business_search&utm_source=GWOCZh9-BmZxtdsAjr7Gug,60617,-87.70767779475786,41.91716335791234
2Oi105ekJSsbFde25kuSXQ,shang-noodle-chicago-chicago,"['chinese', 'noodles']",2,False,13122852218,215 E Grand Ave,4.3,427,"['pickup', 'delivery']",https://s3-media0.fl.yelpcdn.com/bphoto/MPn8mm4zfP4eDCGVuvWRJA/o.jpg,https://www.yelp.com/biz/shang-noodle-chicago-chicago?adjust_creative=GWOCZh9-BmZxtdsAjr7Gug&utm_campaign=yelp_api_v3&utm_medium=api_v3_business_search&utm_source=GWOCZh9-BmZxtdsAjr7Gug,60611,-87.62204,41.89153
XOLX_XVqY776i6PyIHp_6Q,the-warbler-chicago-2,"['pastashops', 'chicken_wings', 'sandwiches']",2,False,17736810950,4535 N Lincoln Ave,4.4,556,['delivery'],https://s3-media0.fl.yelpcdn.com/bphoto/D35-x6bzj6EA6h0iA0FoOA/o.jpg,https://www.yelp.com/biz/the-warbler-chicago-2?adjust_creative=GWOCZh9-BmZxtdsAjr7Gug&utm_campaign=yelp_api_v3&utm_medium=api_v3_business_search&utm_source=GWOCZh9-BmZxtdsAjr7Gug,60625,-87.6854829048272,41.9642255519757
QYqcNmX-jKY1xPrtV85L3Q,aztec-daves-cantina-chicago,"['cocktailbars', 'mexican', 'breakfast_brunch']",2,True,17737998644,1143 N California Ave,4.5,95,"['pickup', 'delivery']",https://s3-media0.fl.yelpcdn.com/bphoto/mwv4aA_TW4BzpD7GIHKzfw/o.jpg,https://www.yelp.com/biz/aztec-daves-cantina-chicago?adjust_creative=GWOCZh9-BmZxtdsAjr7Gug&utm_campaign=yelp_api_v3&utm_medium=api_v3_business_search&utm_source=GWOCZh9-BmZxtdsAjr7Gug,60622,-87.69656,41.90238
tzP7xNT7OokI6JKgtINTlA,antico-chicago,['italian'],3,False,17734894895,1946 N Leavitt St,4.4,286,[],https://s3-media0.fl.yelpcdn.com/bphoto/cXfQoAmYnCoUUb427BNO2w/o.jpg,https://www.yelp.com/biz/antico-chicago?adjust_creative=GWOCZh9-BmZxtdsAjr7Gug&utm_campaign=yelp_api_v3&utm_medium=api_v3_business_search&utm_source=GWOCZh9-BmZxtdsAjr7Gug,60647,-87.68281,41.91746
0HjCj_IX5qniyjHklHrnRQ,to-korean-cuisine-chicago,['korean'],3,True,17733608036,3108 N Broadway,4.9,12,"['delivery', 'pickup', 'restaurant_reservation']",https://s3-media0.fl.yelpcdn.com/bphoto/yaNvh-cYejk6aTLwsETOlQ/o.jpg,https://www.yelp.com/biz/to-korean-cuisine-chicago?adjust_creative=GWOCZh9-BmZxtdsAjr7Gug&utm_campaign=yelp_api_v3&utm_medium=api_v3_business_search&utm_source=GWOCZh9-BmZxtdsAjr7Gug,60657,-87.644499,41.938057
ZbXgwfVDjb2tz08FGWmSAA,folklore-argentine-grill-chicago,"['argentine', 'steak', 'comfortfood']",2,False,17732921600,2100 W Division St,3.9,838,['pickup'],https://s3-media0.fl.yelpcdn.com/bphoto/lEI5JGiwFdUd8kVAzlx22Q/o.jpg,https://www.yelp.com/biz/folklore-argentine-grill-chicago?adjust_creative=GWOCZh9-BmZxtdsAjr7Gug&utm_campaign=yelp_api_v3&utm_medium=api_v3_business_search&utm_source=GWOCZh9-BmZxtdsAjr7Gug,60622,-87.6799240112305,41.9034461975098
soRFbCCBxvunxaLNTs7aIQ,italian-homemade-company-chicago,"['pastashops', 'italian', 'piadina']",2,False,13122650697,947 W Fulton Market St,4.7,112,"['pickup', 'delivery']",https://s3-media0.fl.yelpcdn.com/bphoto/m7oqWyMJ1jtZdKmlzwvgeA/o.jpg,https://www.yelp.com/biz/italian-homemade-company-chicago?adjust_creative=GWOCZh9-BmZxtdsAjr7Gug&utm_campaign=yelp_api_v3&utm_medium=api_v3_business_search&utm_source=GWOCZh9-BmZxtdsAjr7Gug,60607,-87.65168,41.88662
0o0OGLHAWMfDXNuu4gQ58w,avaspi-chicago,"['salad', 'cocktailbars', 'mediterranean']",2,True,17737201297,1258 W Belmont Ave,4.8,78,[],https://s3-media0.fl.yelpcdn.com/bphoto/yBPbXISW57hbrImXD7W1Lg/o.jpg,https://www.yelp.com/biz/avaspi-chicago?adjust_creative=GWOCZh9-BmZxtdsAjr7Gug&utm_campaign=yelp_api_v3&utm_medium=api_v3_business_search&utm_source=GWOCZh9-BmZxtdsAjr7Gug,60657,-87.66121234241837,41.93998824212478
B_04jjMZjeGGKjaPcR3Kig,three-dots-and-a-dash-chicago,"['asianfusion', 'tikibars']",3,False,13126104220,"435 N Clark St, Back alley on Hubbard St",4.1,4119,"['pickup', 'delivery']",https://s3-media0.fl.yelpcdn.com/bphoto/oDj0rfl6yoTfg5KZql1Fdw/o.jpg,https://www.yelp.com/biz/three-dots-and-a-dash-chicago?adjust_creative=GWOCZh9-BmZxtdsAjr7Gug&utm_campaign=yelp_api_v3&utm_medium=api_v3_business_search&utm_source=GWOCZh9-BmZxtdsAjr7Gug,60654,-87.63074664896239,41.89026241296157
XWodOV8dW4WlK2XB3j6JnA,chef-s-special-cocktail-bar-chicago,"['cocktailbars', 'chinese', 'seafood']",3,True,17736665143,2165 N Western Ave,4.4,310,['delivery'],https://s3-media0.fl.yelpcdn.com/bphoto/ra5itZFIVwZWnKeXaOEpVw/o.jpg,https://www.yelp.com/biz/chef-s-special-cocktail-bar-chicago?adjust_creative=GWOCZh9-BmZxtdsAjr7Gug&utm_campaign=yelp_api_v3&utm_medium=api_v3_business_search&utm_source=GWOCZh9-BmZxtdsAjr7Gug,60647,-87.68721,41.921735
niJ9e7qd8TNYSrUMcn7UEg,pilot-project-brewing-chicago-7,"['breweries', 'cocktailbars', 'asianfusion']",2,True,17737703779,3473 N Clark St,4.8,6,[],https://s3-media0.fl.yelpcdn.com/bphoto/9TmrPtEL1mkUcpzYRd3klg/o.jpg,https://www.yelp.com/biz/pilot-project-brewing-chicago-7?adjust_creative=GWOCZh9-BmZxtdsAjr7Gug&utm_campaign=yelp_api_v3&utm_medium=api_v3_business_search&utm_source=GWOCZh9-BmZxtdsAjr7Gug,60657,-87.65476111047458,41.9454924
VWeNF7HWLNPiXF-cKu4kDg,segnatore-chicago,['italian'],3,True,17736979687,1001 N California Ave,4.3,136,['delivery'],https://s3-media0.fl.yelpcdn.com/bphoto/w5cQa8kOc7gGS5ephkcjLA/o.jpg,https://www.yelp.com/biz/segnatore-chicago?adjust_creative=GWOCZh9-BmZxtdsAjr7Gug&utm_campaign=yelp_api_v3&utm_medium=api_v3_business_search&utm_source=GWOCZh9-BmZxtdsAjr7Gug,60622,-87.6964,41.89942
LaYrGWnZazWsc3xi1sTYfw,arbella-chicago,"['tapasmallplates', 'cocktailbars', 'newamerican']",2,False,13128466654,112 W Grand Ave,4.4,670,['delivery'],https://s3-media0.fl.yelpcdn.com/bphoto/SpZvLxS15SJmKaFBFVHt-g/o.jpg,https://www.yelp.com/biz/arbella-chicago?adjust_creative=GWOCZh9-BmZxtdsAjr7Gug&utm_campaign=yelp_api_v3&utm_medium=api_v3_business_search&utm_source=GWOCZh9-BmZxtdsAjr7Gug,60654,-87.6318293755272,41.8920162809497
TC8tG6To87DUzC365njvXw,river-roast-chicago-3,"['tradamerican', 'cocktailbars', 'venues']",3,False,13128220100,315 N La Salle Dr,4.0,1370,"['pickup', 'delivery']",https://s3-media0.fl.yelpcdn.com/bphoto/hGkhJkn2cl-NUM6DGc5OrA/o.jpg,https://www.yelp.com/biz/river-roast-chicago-3?adjust_creative=GWOCZh9-BmZxtdsAjr7Gug&utm_campaign=yelp_api_v3&utm_medium=api_v3_business_search&utm_source=GWOCZh9-BmZxtdsAjr7Gug,60654,-87.63227535993691,41.887957929885
ej4_eY_5j3qnOAbOqn3f8g,yardbird-chicago,"['newamerican', 'southern', 'cocktailbars']",2,False,13129999760,530 N Wabash Ave,3.8,417,"['pickup', 'delivery']",https://s3-media0.fl.yelpcdn.com/bphoto/sldxYqXRmoiOYTBTKcBItg/o.jpg,https://www.yelp.com/biz/yardbird-chicago?adjust_creative=GWOCZh9-BmZxtdsAjr7Gug&utm_campaign=yelp_api_v3&utm_medium=api_v3_business_search&utm_source=GWOCZh9-BmZxtdsAjr7Gug,60654,-87.62704692657827,41.89199674443663
OSyGZMwCI9w_0BbQtH-kCw,duck-duck-goat-chicago,['chinese'],3,False,13129023825,857 W Fulton Market,4.1,2088,['delivery'],https://s3-media0.fl.yelpcdn.com/bphoto/B-9g9Mgdy6TCJv7NeRgwFA/o.jpg,https://www.yelp.com/biz/duck-duck-goat-chicago?adjust_creative=GWOCZh9-BmZxtdsAjr7Gug&utm_campaign=yelp_api_v3&utm_medium=api_v3_business_search&utm_source=GWOCZh9-BmZxtdsAjr7Gug,60607,-87.64971571113162,41.886635785447695
zFbAbx4GJfu1GByUG6rDOw,la-grande-boucherie-chicago-3,"['steak', 'french', 'cocktailbars']",3,False,13126243014,431 N Dearborn St,4.4,526,"['pickup', 'delivery']",https://s3-media0.fl.yelpcdn.com/bphoto/Dkm61x578EMTc7CptGwozg/o.jpg,https://www.yelp.com/biz/la-grande-boucherie-chicago-3?adjust_creative=GWOCZh9-BmZxtdsAjr7Gug&utm_campaign=yelp_api_v3&utm_medium=api_v3_business_search&utm_source=GWOCZh9-BmZxtdsAjr7Gug,60654,-87.62935,41.89029
zH7lgLLw0FVfA6HrwV4pTw,s-k-y-chicago-5,"['newamerican', 'cocktailbars', 'wine_bars']",3,False,13128461077,2300 N Lincoln Park W,4.5,762,['delivery'],https://s3-media0.fl.yelpcdn.com/bphoto/1b_3FhANV5-s3u5p8e25og/o.jpg,https://www.yelp.com/biz/s-k-y-chicago-5?adjust_creative=GWOCZh9-BmZxtdsAjr7Gug&utm_campaign=yelp_api_v3&utm_medium=api_v3_business_search&utm_source=GWOCZh9-BmZxtdsAjr7Gug,60614,-87.6367046,41.924134573867455
pbEiXam9YJL3neCYHGwLUA,alinea-chicago,"['newamerican', 'modern_european']",4,False,13128670110,1723 N Halsted St,4.4,2731,['pickup'],https://s3-media0.fl.yelpcdn.com/bphoto/yUcTqgVYgiaMoRmZy2QVgQ/o.jpg,https://www.yelp.com/biz/alinea-chicago?adjust_creative=GWOCZh9-BmZxtdsAjr7Gug&utm_campaign=yelp_api_v3&utm_medium=api_v3_business_search&utm_source=GWOCZh9-BmZxtdsAjr7Gug,60614,-87.6482384681229,41.9134194160823
fOSxmKNFkeq8H54Ve1O3bQ,lil-ba-ba-reeba-chicago,"['seafood', 'tapasmallplates']",3,False,13129856909,441 N Clark St,4.4,305,"['pickup', 'delivery']",https://s3-media0.fl.yelpcdn.com/bphoto/PjYiouizIOeSyO6jZAoZpA/o.jpg,https://www.yelp.com/biz/lil-ba-ba-reeba-chicago?adjust_creative=GWOCZh9-BmZxtdsAjr7Gug&utm_campaign=yelp_api_v3&utm_medium=api_v3_business_search&utm_source=GWOCZh9-BmZxtdsAjr7Gug,60654,-87.63079,41.89043
R5yWov8x3eswu_gWWVhfww,torchio-pasta-bar-chicago,['italian'],2,False,13126430543,738 N Wells St,4.5,426,['delivery'],https://s3-media0.fl.yelpcdn.com/bphoto/2c2xxj6YcNh7LQILZoO97A/o.jpg,https://www.yelp.com/biz/torchio-pasta-bar-chicago?adjust_creative=GWOCZh9-BmZxtdsAjr7Gug&utm_campaign=yelp_api_v3&utm_medium=api_v3_business_search&utm_source=GWOCZh9-BmZxtdsAjr7Gug,60654,-87.63434971857902,41.89595887400773
eWEfgeuMkGjC-yeV7dXArw,monarch-and-lion-chicago-3,"['british', 'fishnchips', 'indpak']",2,True,13129732623,302 E Illinois St,4.1,212,"['delivery', 'pickup']",https://s3-media0.fl.yelpcdn.com/bphoto/bxGMuU2_Q2LGf7pJ0AqH3w/o.jpg,https://www.yelp.com/biz/monarch-and-lion-chicago-3?adjust_creative=GWOCZh9-BmZxtdsAjr7Gug&utm_campaign=yelp_api_v3&utm_medium=api_v3_business_search&utm_source=GWOCZh9-BmZxtdsAjr7Gug,60611,-87.61997400000001,41.891153
TFqM5xDgJTLd6AQNMxNkwg,bereket-turkish-mediterranean-restaurant-chicago,['mediterranean'],2,False,13125003663,333 South Franklin,4.6,211,"['delivery', 'pickup', 'restaurant_reservation']",https://s3-media0.fl.yelpcdn.com/bphoto/EEY1FwhhJGsrX_xt008cMg/o.jpg,https://www.yelp.com/biz/bereket-turkish-mediterranean-restaurant-chicago?adjust_creative=GWOCZh9-BmZxtdsAjr7Gug&utm_campaign=yelp_api_v3&utm_medium=api_v3_business_search&utm_source=GWOCZh9-BmZxtdsAjr7Gug,60606,-87.63477,41.87713
Xt75l3uhbczQeEvLyXVJfA,the-loyalist-chicago-3,"['newamerican', 'cocktailbars', 'venues']",2,False,17739133774,"177 N Ada St, Ste 001",4.0,675,[],https://s3-media0.fl.yelpcdn.com/bphoto/XpS5ExlGXu9h9lcNJw5Vng/o.jpg,https://www.yelp.com/biz/the-loyalist-chicago-3?adjust_creative=GWOCZh9-BmZxtdsAjr7Gug&utm_campaign=yelp_api_v3&utm_medium=api_v3_business_search&utm_source=GWOCZh9-BmZxtdsAjr7Gug,60607,-87.66036,41.88491
at9kUR0H_UzkjEChNHTGmw,medi-kitchen-and-cocktail-chicago,"['mediterranean', 'cocktailbars']",3,True,17738571025,2138 N Halsted,4.4,162,"['pickup', 'delivery']",https://s3-media0.fl.yelpcdn.com/bphoto/QLNjsNxWbosGl6Ii35W5sw/o.jpg,https://www.yelp.com/biz/medi-kitchen-and-cocktail-chicago?adjust_creative=GWOCZh9-BmZxtdsAjr7Gug&utm_campaign=yelp_api_v3&utm_medium=api_v3_business_search&utm_source=GWOCZh9-BmZxtdsAjr7Gug,60614,-87.6489538,41.92117839114374
WBU0yq9J8qiYQfI_fh2P1Q,crisp-chicago,"['korean', 'chicken_wings']",2,False,17736977610,2940 N Broadway Ave,4.3,3645,"['pickup', 'delivery']",https://s3-media0.fl.yelpcdn.com/bphoto/-cvYAt8Vlf2y_JvDyzwPqw/o.jpg,https://www.yelp.com/biz/crisp-chicago?adjust_creative=GWOCZh9-BmZxtdsAjr7Gug&utm_campaign=yelp_api_v3&utm_medium=api_v3_business_search&utm_source=GWOCZh9-BmZxtdsAjr7Gug,60657,-87.6444210345452,41.9361214592879
YbLA3uRpvBzIf4oJ352ZVQ,ada-street-chicago,"['bars', 'tradamerican']",3,False,17732341753,1664 N Ada St,4.3,609,['delivery'],https://s3-media0.fl.yelpcdn.com/bphoto/epQcd0uWuZ52kpnyHqjtFw/o.jpg,https://www.yelp.com/biz/ada-street-chicago?adjust_creative=GWOCZh9-BmZxtdsAjr7Gug&utm_campaign=yelp_api_v3&utm_medium=api_v3_business_search&utm_source=GWOCZh9-BmZxtdsAjr7Gug,60642,-87.6620728,41.9124416
IWRIBBLks0c7EBCzEdnFsA,doner-97-chicago,"['german', 'turkish', 'salad']",2,True,17736986324,2435 N Clark St,4.7,36,"['pickup', 'delivery']",https://s3-media0.fl.yelpcdn.com/bphoto/J6aacNXvoVt1LZdlFlxkhg/o.jpg,https://www.yelp.com/biz/doner-97-chicago?adjust_creative=GWOCZh9-BmZxtdsAjr7Gug&utm_campaign=yelp_api_v3&utm_medium=api_v3_business_search&utm_source=GWOCZh9-BmZxtdsAjr7Gug,60614,-87.64075,41.926558
T1dv09OKSxmuitPVLXD5Aw,serai-chicago,"['malaysian', 'asianfusion', 'desserts']",2,False,18722068368,2142 N Clybourn Ave,4.7,6,"['pickup', 'delivery', 'restaurant_reservation']",https://s3-media0.fl.yelpcdn.com/bphoto/paj1XOEo4wUyuljzWwyjQA/o.jpg,https://www.yelp.com/biz/serai-chicago?adjust_creative=GWOCZh9-BmZxtdsAjr7Gug&utm_campaign=yelp_api_v3&utm_medium=api_v3_business_search&utm_source=GWOCZh9-BmZxtdsAjr7Gug,60614,-87.66261,41.92008
DwJwTn1MMhkUk6umLeM5MQ,daebak-chicago,"['korean', 'bbq']",3,False,13127226923,1266 N Milwaukee Ave,4.0,59,"['pickup', 'delivery']",https://s3-media0.fl.yelpcdn.com/bphoto/RgV3VR_tpyfxUSLSRi06hg/o.jpg,https://www.yelp.com/biz/daebak-chicago?adjust_creative=GWOCZh9-BmZxtdsAjr7Gug&utm_campaign=yelp_api_v3&utm_medium=api_v3_business_search&utm_source=GWOCZh9-BmZxtdsAjr7Gug,60622,-87.66894,41.90466
NMhq1mBTxwmvxzmUB9BbrA,taste-of-japan-chicago,"['sushi', 'japacurry', 'ramen']",2,True,13125889818,201 N Wells St,4.7,20,"['delivery', 'pickup', 'restaurant_reservation']",https://s3-media0.fl.yelpcdn.com/bphoto/uVZTPYgRKDDk0oLnQqbqzw/o.jpg,https://www.yelp.com/biz/taste-of-japan-chicago?adjust_creative=GWOCZh9-BmZxtdsAjr7Gug&utm_campaign=yelp_api_v3&utm_medium=api_v3_business_search&utm_source=GWOCZh9-BmZxtdsAjr7Gug,60606,-87.633631,41.886037
ZhHonGY7XknrPjwtx2jg2A,khmai-chicago,['cambodian'],2,True,13126267710,6580 N Sheridan Rd,4.5,73,[],https://s3-media0.fl.yelpcdn.com/bphoto/wj5cBkghQVUwDINqCLeHBw/o.jpg,https://www.yelp.com/biz/khmai-chicago?adjust_creative=GWOCZh9-BmZxtdsAjr7Gug&utm_campaign=yelp_api_v3&utm_medium=api_v3_business_search&utm_source=GWOCZh9-BmZxtdsAjr7Gug,60626,-87.66098231077194,42.00239984854286
Q55HHOW09QoNI07dUXjn5A,alpana-chicago,"['newamerican', 'wine_bars']",3,False,13126248055,831 N State St,4.3,350,[],https://s3-media0.fl.yelpcdn.com/bphoto/saDyVIkwyp6SppPaMjI9Yw/o.jpg,https://www.yelp.com/biz/alpana-chicago?adjust_creative=GWOCZh9-BmZxtdsAjr7Gug&utm_campaign=yelp_api_v3&utm_medium=api_v3_business_search&utm_source=GWOCZh9-BmZxtdsAjr7Gug,60610,-87.62807020124552,41.89767781975498
JgTf0nmG-nWiQmrHZ11-tg,kindling-downtown-cookout-and-cocktails-chicago-2,"['desserts', 'coffee', 'tradamerican']",3,False,13127895992,"202 S Franklin St, Willis Tower",4.0,156,[],https://s3-media0.fl.yelpcdn.com/bphoto/MrYBTNVH8BTXg5hcmtJMng/o.jpg,https://www.yelp.com/biz/kindling-downtown-cookout-and-cocktails-chicago-2?adjust_creative=GWOCZh9-BmZxtdsAjr7Gug&utm_campaign=yelp_api_v3&utm_medium=api_v3_business_search&utm_source=GWOCZh9-BmZxtdsAjr7Gug,60606,-87.63541,41.87923
HaX1xkisTWetyKUkuBAzzQ,mother-s-ruin-chicago,"['newamerican', 'burgers', 'cocktailbars']",2,False,0,2943 N Milwaukee Ave,4.2,127,"['pickup', 'delivery']",https://s3-media0.fl.yelpcdn.com/bphoto/lIyMost6yTW01pG13F9eOA/o.jpg,https://www.yelp.com/biz/mother-s-ruin-chicago?adjust_creative=GWOCZh9-BmZxtdsAjr7Gug&utm_campaign=yelp_api_v3&utm_medium=api_v3_business_search&utm_source=GWOCZh9-BmZxtdsAjr7Gug,60618,-87.71647,41.93495
90-6FQYDxKp516WnO_jMpg,galit-chicago,"['mediterranean', 'mideastern', 'vegetarian']",4,False,17733608755,2429 N Lincoln Ave,4.2,509,['delivery'],https://s3-media0.fl.yelpcdn.com/bphoto/jINOE0OdU4ctRxfZW-X67A/o.jpg,https://www.yelp.com/biz/galit-chicago?adjust_creative=GWOCZh9-BmZxtdsAjr7Gug&utm_campaign=yelp_api_v3&utm_medium=api_v3_business_search&utm_source=GWOCZh9-BmZxtdsAjr7Gug,60614,-87.6496120914817,41.9261880718568
EYjyi_lytYaM1Ty7-kNKSg,phodega-chicago,"['vietnamese', 'hainan', 'noodles']",2,False,17736878187,1924 W Division St,4.3,362,"['pickup', 'delivery']",https://s3-media0.fl.yelpcdn.com/bphoto/rDsx27fhZnZhjKPq8xV2wg/o.jpg,https://www.yelp.com/biz/phodega-chicago?adjust_creative=GWOCZh9-BmZxtdsAjr7Gug&utm_campaign=yelp_api_v3&utm_medium=api_v3_business_search&utm_source=GWOCZh9-BmZxtdsAjr7Gug,60622,-87.6758734,41.90334127310094
ak3FYZOsEWeiP6Pdp74YkQ,miru-chicago,['japanese'],3,False,13127257811,"401 E Wacker Dr, Fl 11",4.3,278,[],https://s3-media0.fl.yelpcdn.com/bphoto/_rz-UbvEf5cRnSZ3yOf8VA/o.jpg,https://www.yelp.com/biz/miru-chicago?adjust_creative=GWOCZh9-BmZxtdsAjr7Gug&utm_campaign=yelp_api_v3&utm_medium=api_v3_business_search&utm_source=GWOCZh9-BmZxtdsAjr7Gug,60601,-87.6176301019272,41.8874426163459
Vw-Qn1Hg06h4yBUdDQCXyA,sushi-san-chicago,"['sushi', 'japanese', 'bars']",3,False,13128280575,63 W Grand Ave,4.3,1206,"['pickup', 'delivery']",https://s3-media0.fl.yelpcdn.com/bphoto/hIHfcSxdn2ZMGBGfvT6kDA/o.jpg,https://www.yelp.com/biz/sushi-san-chicago?adjust_creative=GWOCZh9-BmZxtdsAjr7Gug&utm_campaign=yelp_api_v3&utm_medium=api_v3_business_search&utm_source=GWOCZh9-BmZxtdsAjr7Gug,60654,-87.6302732,41.8914851
IvPHql5UloizrbYL1zrEXg,kala-modern-greek-chicago-2,"['greek', 'salad', 'sandwiches']",2,False,17735606412,2523 N Clark St,4.7,280,"['pickup', 'delivery']",https://s3-media0.fl.yelpcdn.com/bphoto/BrnIcF91vR1vnm2mja4cXQ/o.jpg,https://www.yelp.com/biz/kala-modern-greek-chicago-2?adjust_creative=GWOCZh9-BmZxtdsAjr7Gug&utm_campaign=yelp_api_v3&utm_medium=api_v3_business_search&utm_source=GWOCZh9-BmZxtdsAjr7Gug,60614,-87.6420659628887,41.92863852610618
g99KUgc6nWaWJmzRYc9SPQ,chapel-street-chicago-2,"['cafes', 'australian', 'beerbar']",2,True,13126206320,198 E Delaware Pl,4.0,32,[],https://s3-media0.fl.yelpcdn.com/bphoto/n7xt7gl_0111TbPAIFSevg/o.jpg,https://www.yelp.com/biz/chapel-street-chicago-2?adjust_creative=GWOCZh9-BmZxtdsAjr7Gug&utm_campaign=yelp_api_v3&utm_medium=api_v3_business_search&utm_source=GWOCZh9-BmZxtdsAjr7Gug,60611,-87.622064,41.899781
PfGWWUxKf5w2Xpn-fuFmgQ,3-little-pigs-chi-chicago,"['chinese', 'bbq', 'chickenshop']",3,True,13128833326,3336 N Milwaukee Ave,4.6,396,"['pickup', 'delivery']",https://s3-media0.fl.yelpcdn.com/bphoto/glIPFkt5pHRf9t2dDKtEag/o.jpg,https://www.yelp.com/biz/3-little-pigs-chi-chicago?adjust_creative=GWOCZh9-BmZxtdsAjr7Gug&utm_campaign=yelp_api_v3&utm_medium=api_v3_business_search&utm_source=GWOCZh9-BmZxtdsAjr7Gug,60641,-87.72847938767285,41.94169589331544
KZApzFOcsnOmK6dtGWy03Q,pierogi-kitchen-chicago,"['polish', 'breakfast_brunch', 'cocktailbars']",2,False,17737998273,1856 West North Ave,4.5,104,"['pickup', 'delivery']",https://s3-media0.fl.yelpcdn.com/bphoto/hzWtTN6izxFFYdATyv9o1w/o.jpg,https://www.yelp.com/biz/pierogi-kitchen-chicago?adjust_creative=GWOCZh9-BmZxtdsAjr7Gug&utm_campaign=yelp_api_v3&utm_medium=api_v3_business_search&utm_source=GWOCZh9-BmZxtdsAjr7Gug,60622,-87.67484,41.91071
oSI2djSdl7KjNGwb7PDWCg,lao-peng-you-chicago,['chinese'],2,False,18722068624,2020 W Chicago Ave,4.2,372,['pickup'],https://s3-media0.fl.yelpcdn.com/bphoto/IDjk5yLfYfNFtH-ed6VtNQ/o.jpg,https://www.yelp.com/biz/lao-peng-you-chicago?adjust_creative=GWOCZh9-BmZxtdsAjr7Gug&utm_campaign=yelp_api_v3&utm_medium=api_v3_business_search&utm_source=GWOCZh9-BmZxtdsAjr7Gug,60622,-87.67786167,41.89610667
4i1Ny2zIE1VJSU9gLMkHqg,lula-cafe-chicago-3,"['newamerican', 'breakfast_brunch', 'desserts']",2,False,17734899554,2537 N Kedzie Blvd,4.3,2387,"['pickup', 'delivery']",https://s3-media0.fl.yelpcdn.com/bphoto/xNG0MnCEP_EUjFYuu3VJBg/o.jpg,https://www.yelp.com/biz/lula-cafe-chicago-3?adjust_creative=GWOCZh9-BmZxtdsAjr7Gug&utm_campaign=yelp_api_v3&utm_medium=api_v3_business_search&utm_source=GWOCZh9-BmZxtdsAjr7Gug,60647,-87.706845233929,41.927668036295
RnR_zPbkVcG9G52hgYov_g,maharaj-indian-grill-chicago-2,"['indpak', 'bars']",2,False,13128775376,"333 S State St, Ste C 13",4.5,267,"['pickup', 'delivery']",https://s3-media0.fl.yelpcdn.com/bphoto/r9U6S3k4GA958k99K3qblw/o.jpg,https://www.yelp.com/biz/maharaj-indian-grill-chicago-2?adjust_creative=GWOCZh9-BmZxtdsAjr7Gug&utm_campaign=yelp_api_v3&utm_medium=api_v3_business_search&utm_source=GWOCZh9-BmZxtdsAjr7Gug,60604,-87.62720908557776,41.87709215177034
U9D0vqEP4QrJfJYs8mr3DA,oiistar-chicago,"['asianfusion', 'ramen']",2,False,17733608791,1385 N Milwaukee Ave,4.2,1201,[],https://s3-media0.fl.yelpcdn.com/bphoto/BGAE5fADp08ynuorOJXMSw/o.jpg,https://www.yelp.com/biz/oiistar-chicago?adjust_creative=GWOCZh9-BmZxtdsAjr7Gug&utm_campaign=yelp_api_v3&utm_medium=api_v3_business_search&utm_source=GWOCZh9-BmZxtdsAjr7Gug,60622,-87.67210403709154,41.90708880046081
6W7GXCT5CLSN6riQlmSe2w,3-asian-sisters-chicago,['vietnamese'],2,True,13129550011,818 West Fullerton Ave,4.9,22,"['pickup', 'delivery']",https://s3-media0.fl.yelpcdn.com/bphoto/UkbU1IAtGpbsac0uEYo8tQ/o.jpg,https://www.yelp.com/biz/3-asian-sisters-chicago?adjust_creative=GWOCZh9-BmZxtdsAjr7Gug&utm_campaign=yelp_api_v3&utm_medium=api_v3_business_search&utm_source=GWOCZh9-BmZxtdsAjr7Gug,60614,-87.649683,41.925604
J553xKA41NRmEROrQ1R_6w,wagyu-house-chicago-chicago-3,"['hotpot', 'japanese', 'bbq']",4,False,14647688224,1147 S Delano Ct E,4.4,736,"['restaurant_reservation', 'pickup', 'delivery']",https://s3-media0.fl.yelpcdn.com/bphoto/Z3ZYwjxP1HYuiOpBN3TEtA/o.jpg,https://www.yelp.com/biz/wagyu-house-chicago-chicago-3?adjust_creative=GWOCZh9-BmZxtdsAjr7Gug&utm_campaign=yelp_api_v3&utm_medium=api_v3_business_search&utm_source=GWOCZh9-BmZxtdsAjr7Gug,60605,-87.63217,41.86824
VH6O_2qSPkTme_s-1Y1nXQ,trike-noodle-chicago,"['thai', 'asianfusion']",2,False,17733608288,2339 N Milwaukee Ave,4.5,180,"['pickup', 'delivery']",https://s3-media0.fl.yelpcdn.com/bphoto/B4gkadXkjXOO0V4sPsFuZQ/o.jpg,https://www.yelp.com/biz/trike-noodle-chicago?adjust_creative=GWOCZh9-BmZxtdsAjr7Gug&utm_campaign=yelp_api_v3&utm_medium=api_v3_business_search&utm_source=GWOCZh9-BmZxtdsAjr7Gug,60647,-87.69854620758457,41.9238472891421
i2IertfmCglGxRGjj979_A,cariño-chicago-3,"['latin', 'tacos']",2,True,13127226838,4662 N Broadway,5.0,24,[],https://s3-media0.fl.yelpcdn.com/bphoto/WKtoalzwO8zQrMFrUt_x0A/o.jpg,https://www.yelp.com/biz/cari%C3%B1o-chicago-3?adjust_creative=GWOCZh9-BmZxtdsAjr7Gug&utm_campaign=yelp_api_v3&utm_medium=api_v3_business_search&utm_source=GWOCZh9-BmZxtdsAjr7Gug,60640,-87.65875104814768,41.966921813462
a2ogrDeg0HwwzlLIj3x-Qg,boonies-filipino-restaurant-chicago,['filipino'],2,True,17089908886,4337 N Western Ave,4.5,198,"['pickup', 'delivery']",https://s3-media0.fl.yelpcdn.com/bphoto/5PU1i83ppBEO31qzss1Y0w/o.jpg,https://www.yelp.com/biz/boonies-filipino-restaurant-chicago?adjust_creative=GWOCZh9-BmZxtdsAjr7Gug&utm_campaign=yelp_api_v3&utm_medium=api_v3_business_search&utm_source=GWOCZh9-BmZxtdsAjr7Gug,60618,-87.68828,41.96063
Ki9_2R3o8kGtOBfJh1nrWg,hiro-izakaya-chicago,"['bars', 'izakaya']",3,True,0,1600 W Chicago Ave,4.1,14,[],https://s3-media0.fl.yelpcdn.com/bphoto/bYOO7RruxV9Tl3Hv-ZDAYg/o.jpg,https://www.yelp.com/biz/hiro-izakaya-chicago?adjust_creative=GWOCZh9-BmZxtdsAjr7Gug&utm_campaign=yelp_api_v3&utm_medium=api_v3_business_search&utm_source=GWOCZh9-BmZxtdsAjr7Gug,60622,-87.66753327101469,41.89629251797387
RNsldUTu1LKKcRZYPw3gjA,kapitan-chicago-2,"['asianfusion', 'malaysian', 'singaporean']",2,True,17736612281,2142 N Clybourn Ave,4.3,143,"['restaurant_reservation', 'pickup', 'delivery']",https://s3-media0.fl.yelpcdn.com/bphoto/b4gIC95VQryNqSQRtHn7YQ/o.jpg,https://www.yelp.com/biz/kapitan-chicago-2?adjust_creative=GWOCZh9-BmZxtdsAjr7Gug&utm_campaign=yelp_api_v3&utm_medium=api_v3_business_search&utm_source=GWOCZh9-BmZxtdsAjr7Gug,60614,-87.66261,41.92008
Bg7IkuTlqVh_Ezik1gA7yg,siam-thai-eatery-chicago,['thai'],2,True,13127636193,1329 S Michigan Ave,4.4,83,"['pickup', 'delivery']",https://s3-media0.fl.yelpcdn.com/bphoto/zHu_n1tnmvUPZukCyM_nig/o.jpg,https://www.yelp.com/biz/siam-thai-eatery-chicago?adjust_creative=GWOCZh9-BmZxtdsAjr7Gug&utm_campaign=yelp_api_v3&utm_medium=api_v3_business_search&utm_source=GWOCZh9-BmZxtdsAjr7Gug,60605,-87.623699,41.864942
fJkO3cfnNXrLIoYYGBX7_g,table-donkey-and-stick-chicago,"['modern_european', 'wine_bars', 'cocktailbars']",2,False,17734868525,2728 W Armitage Ave,4.1,525,"['pickup', 'delivery']",https://s3-media0.fl.yelpcdn.com/bphoto/PVHfLsqmHfL6sPZLlqjcrg/o.jpg,https://www.yelp.com/biz/table-donkey-and-stick-chicago?adjust_creative=GWOCZh9-BmZxtdsAjr7Gug&utm_campaign=yelp_api_v3&utm_medium=api_v3_business_search&utm_source=GWOCZh9-BmZxtdsAjr7Gug,60647,-87.695965,41.91775
oFpi7EtXFUbzb1QfDLk2JA,le-sud-mediterranean-kitchen-chicago,"['mediterranean', 'french', 'brasseries']",3,False,17738571985,2301 W Roscoe St,4.3,364,"['pickup', 'delivery']",https://s3-media0.fl.yelpcdn.com/bphoto/pNNTHbjn5nurjwIMH2GTlw/o.jpg,https://www.yelp.com/biz/le-sud-mediterranean-kitchen-chicago?adjust_creative=GWOCZh9-BmZxtdsAjr7Gug&utm_campaign=yelp_api_v3&utm_medium=api_v3_business_search&utm_source=GWOCZh9-BmZxtdsAjr7Gug,60618,-87.68587,41.94285
2XauFxxBwl5YAhJHJLpd7g,krasa-chicago,"['burgers', 'bars', 'mediterranean']",2,False,17739048608,1141 N Ashland Ave,4.4,170,"['pickup', 'delivery']",https://s3-media0.fl.yelpcdn.com/bphoto/MYnqXVkJqOKLSELgm9RmZQ/o.jpg,https://www.yelp.com/biz/krasa-chicago?adjust_creative=GWOCZh9-BmZxtdsAjr7Gug&utm_campaign=yelp_api_v3&utm_medium=api_v3_business_search&utm_source=GWOCZh9-BmZxtdsAjr7Gug,60622,-87.66721447116393,41.9028
hBb2RcUVumohfY2kbGKvKQ,hide-seek-chicago,"['newamerican', 'cocktailbars', 'breakfast_brunch']",2,True,13126808217,838 W Randolph St,4.0,348,[],https://s3-media0.fl.yelpcdn.com/bphoto/8UE4oaEPP8BGpky_uFBYSQ/o.jpg,https://www.yelp.com/biz/hide-seek-chicago?adjust_creative=GWOCZh9-BmZxtdsAjr7Gug&utm_campaign=yelp_api_v3&utm_medium=api_v3_business_search&utm_source=GWOCZh9-BmZxtdsAjr7Gug,60607,-87.648983,41.884684
IXnJpXNimib2ojhMOsyvDw,pandan-chicago,"['cocktailbars', 'filipino']",2,True,13125862000,"1112 N State St, Fl 18",4.4,49,[],https://s3-media0.fl.yelpcdn.com/bphoto/1EEHpEH8xY4SO5uCp2IYkg/o.jpg,https://www.yelp.com/biz/pandan-chicago?adjust_creative=GWOCZh9-BmZxtdsAjr7Gug&utm_campaign=yelp_api_v3&utm_medium=api_v3_business_search&utm_source=GWOCZh9-BmZxtdsAjr7Gug,60610,-87.6289,41.90241
5O_UGfc_aZf_Y0Q5audAhg,mogadishu-restaurant-chicago-2,"['african', 'somali']",1,False,13122651850,931 N Orleans St,4.6,161,"['pickup', 'delivery']",https://s3-media0.fl.yelpcdn.com/bphoto/AtTl3f2_sEEEwWwbz3f9gw/o.jpg,https://www.yelp.com/biz/mogadishu-restaurant-chicago-2?adjust_creative=GWOCZh9-BmZxtdsAjr7Gug&utm_campaign=yelp_api_v3&utm_medium=api_v3_business_search&utm_source=GWOCZh9-BmZxtdsAjr7Gug,60610,-87.6368449225973,41.9000224550849
LbMsIta2kx4C9R-vs3VPQg,mabu-generation-chicago,"['asianfusion', 'taiwanese', 'icecream']",2,False,13125616228,2022 S Archer Ave,4.4,42,"['pickup', 'delivery']",https://s3-media0.fl.yelpcdn.com/bphoto/fivamQHot8uUNWaM6M9hhQ/o.jpg,https://www.yelp.com/biz/mabu-generation-chicago?adjust_creative=GWOCZh9-BmZxtdsAjr7Gug&utm_campaign=yelp_api_v3&utm_medium=api_v3_business_search&utm_source=GWOCZh9-BmZxtdsAjr7Gug,60616,-87.632218,41.854587
nO8Yrt4l4JLSvCAkkwrk1Q,gyu-kaku-japanese-bbq-chicago,"['japanese', 'bbq', 'asianfusion']",2,False,18723273323,210 E Ohio St,4.2,1991,"['pickup', 'delivery']",https://s3-media0.fl.yelpcdn.com/bphoto/-Kvnw2I-Ssa-Qr5vx-ASxQ/o.jpg,https://www.yelp.com/biz/gyu-kaku-japanese-bbq-chicago?adjust_creative=GWOCZh9-BmZxtdsAjr7Gug&utm_campaign=yelp_api_v3&utm_medium=api_v3_business_search&utm_source=GWOCZh9-BmZxtdsAjr7Gug,60611,-87.62223,41.89281
qUhMEd8oDAwGqBEF9mNKFQ,andros-taverna-chicago-2,"['greek', 'mediterranean', 'seafood']",3,True,17733651900,2542 N Milwaukee,4.2,411,"['pickup', 'delivery']",https://s3-media0.fl.yelpcdn.com/bphoto/9cU1pZR7hxaSf_zh4ZG4IQ/o.jpg,https://www.yelp.com/biz/andros-taverna-chicago-2?adjust_creative=GWOCZh9-BmZxtdsAjr7Gug&utm_campaign=yelp_api_v3&utm_medium=api_v3_business_search&utm_source=GWOCZh9-BmZxtdsAjr7Gug,60647,-87.7049751842139,41.92733834914246
y8jVBaHh8ntYkVqDXpsi1Q,cafe-ba-ba-reeba-chicago-3,"['spanish', 'tapas', 'venues']",2,False,17739355000,2024 N Halsted St,4.3,5097,"['pickup', 'delivery']",https://s3-media0.fl.yelpcdn.com/bphoto/Bt1IJYcn-wPKsXNIwZye2g/o.jpg,https://www.yelp.com/biz/cafe-ba-ba-reeba-chicago-3?adjust_creative=GWOCZh9-BmZxtdsAjr7Gug&utm_campaign=yelp_api_v3&utm_medium=api_v3_business_search&utm_source=GWOCZh9-BmZxtdsAjr7Gug,60614,-87.648687,41.918984
cKZNbMvoqJaUe7n6lf6i7w,wildberry-pancakes-and-cafe-chicago-2,"['pancakes', 'waffles', 'cafes']",2,False,13129389777,130 E Randolph St,4.4,10082,"['restaurant_reservation', 'pickup', 'delivery']",https://s3-media0.fl.yelpcdn.com/bphoto/sYdVm-TtBqdjkgVGXmRSXg/o.jpg,https://www.yelp.com/biz/wildberry-pancakes-and-cafe-chicago-2?adjust_creative=GWOCZh9-BmZxtdsAjr7Gug&utm_campaign=yelp_api_v3&utm_medium=api_v3_business_search&utm_source=GWOCZh9-BmZxtdsAjr7Gug,60601,-87.623143,41.884944
lgdxwmfYeHFd-BVhZnTGfQ,eden-chicago-11,"['newamerican', 'breakfast_brunch', 'wine_bars']",3,False,13123662294,2734 W Roscoe St,4.5,417,"['pickup', 'delivery']",https://s3-media0.fl.yelpcdn.com/bphoto/IK2TLT-kd-BM_M1wp9M_xQ/o.jpg,https://www.yelp.com/biz/eden-chicago-11?adjust_creative=GWOCZh9-BmZxtdsAjr7Gug&utm_campaign=yelp_api_v3&utm_medium=api_v3_business_search&utm_source=GWOCZh9-BmZxtdsAjr7Gug,60618,-87.69673,41.942973
2tKMs0DbdxPSl2JeCJUEKw,joes-seafood-prime-steak-and-stone-crab-chicago,"['seafood', 'steak']",3,False,13123795637,60 E Grand Ave,4.4,3171,"['pickup', 'delivery']",https://s3-media0.fl.yelpcdn.com/bphoto/sT2sGix3VyLCAi2Znon5Dw/o.jpg,https://www.yelp.com/biz/joes-seafood-prime-steak-and-stone-crab-chicago?adjust_creative=GWOCZh9-BmZxtdsAjr7Gug&utm_campaign=yelp_api_v3&utm_medium=api_v3_business_search&utm_source=GWOCZh9-BmZxtdsAjr7Gug,60611,-87.62563823270841,41.8919748486292
FAU38tkxA6vjhKWEKUQ76Q,carpenter-street-chicago,"['cocktailbars', 'tradamerican']",2,True,13129000550,111 N Carpenter St,4.2,89,"['pickup', 'delivery']",https://s3-media0.fl.yelpcdn.com/bphoto/MGOQFCmnaXvkmng32_7GEQ/o.jpg,https://www.yelp.com/biz/carpenter-street-chicago?adjust_creative=GWOCZh9-BmZxtdsAjr7Gug&utm_campaign=yelp_api_v3&utm_medium=api_v3_business_search&utm_source=GWOCZh9-BmZxtdsAjr7Gug,60607,-87.65304,41.8834
Xs7VQkl9cFTWQqmq69UvuQ,barrio-chicago,"['mexican', 'cocktailbars', 'sandwiches']",2,False,13129409900,65 W Kinzie St,4.1,1362,"['pickup', 'delivery']",https://s3-media0.fl.yelpcdn.com/bphoto/-ZPnVnbNPPySps5zC-aM1g/o.jpg,https://www.yelp.com/biz/barrio-chicago?adjust_creative=GWOCZh9-BmZxtdsAjr7Gug&utm_campaign=yelp_api_v3&utm_medium=api_v3_business_search&utm_source=GWOCZh9-BmZxtdsAjr7Gug,60654,-87.63043519613944,41.88904567189383
RYL719GudcA7-PeLE6iyCw,seoul-taco-chicago-2,"['korean', 'mexican', 'asianfusion']",2,False,13122651607,738 N Clark St,4.1,955,"['pickup', 'delivery']",https://s3-media0.fl.yelpcdn.com/bphoto/ZkJzQLbsuE1kgyCGjn-zsQ/o.jpg,https://www.yelp.com/biz/seoul-taco-chicago-2?adjust_creative=GWOCZh9-BmZxtdsAjr7Gug&utm_campaign=yelp_api_v3&utm_medium=api_v3_business_search&utm_source=GWOCZh9-BmZxtdsAjr7Gug,60654,-87.63160681366912,41.89603204706323
Hi1X8HXvWlfHXmCryZbR-w,el-xangarrito-chicago,['mexican'],2,True,17737548069,4811 N Rockwell St,4.8,204,['pickup'],https://s3-media0.fl.yelpcdn.com/bphoto/Bsjt6ykQ4TR4O_RDeSdHdA/o.jpg,https://www.yelp.com/biz/el-xangarrito-chicago?adjust_creative=GWOCZh9-BmZxtdsAjr7Gug&utm_campaign=yelp_api_v3&utm_medium=api_v3_business_search&utm_source=GWOCZh9-BmZxtdsAjr7Gug,60625,-87.69363,41.96895
gAp38M1cLRkFHbemMhaNAQ,le-bouchon-chicago,['french'],3,False,17738626600,1958 N Damen Ave,4.0,800,['pickup'],https://s3-media0.fl.yelpcdn.com/bphoto/EklckkW7lhiwtBelw5g7tg/o.jpg,https://www.yelp.com/biz/le-bouchon-chicago?adjust_creative=GWOCZh9-BmZxtdsAjr7Gug&utm_campaign=yelp_api_v3&utm_medium=api_v3_business_search&utm_source=GWOCZh9-BmZxtdsAjr7Gug,60647,-87.67792,41.91756
zIXZtgiir9CVF-iZeeAvaQ,ramen-san-chicago,['ramen'],2,False,13123779950,59 W Hubbard St,3.9,3196,"['pickup', 'delivery']",https://s3-media0.fl.yelpcdn.com/bphoto/mnRmHJoFjVjrn_1Uds-hrg/o.jpg,https://www.yelp.com/biz/ramen-san-chicago?adjust_creative=GWOCZh9-BmZxtdsAjr7Gug&utm_campaign=yelp_api_v3&utm_medium=api_v3_business_search&utm_source=GWOCZh9-BmZxtdsAjr7Gug,60654,-87.630293,41.889798
Dq3XDm__M6Tnnr-eUIqU0A,ciro-oak-park-4,['italian'],3,True,13128996059,1048 pleasant st,5.0,39,['pickup'],https://s3-media0.fl.yelpcdn.com/bphoto/5hwoZ-P8dMTk_Ef8lLUcKw/o.jpg,https://www.yelp.com/biz/ciro-oak-park-4?adjust_creative=GWOCZh9-BmZxtdsAjr7Gug&utm_campaign=yelp_api_v3&utm_medium=api_v3_business_search&utm_source=GWOCZh9-BmZxtdsAjr7Gug,60302,-87.8020947,41.8858592
citeIqYkNH4BG5EjQKxa4g,faiza-chicago,"['salad', 'soup', 'kebab']",2,True,12244188771,3315 W Bryn Mawr Ave,4.8,28,"['pickup', 'delivery']",https://s3-media0.fl.yelpcdn.com/bphoto/wGUsMkY7zapdDVR6boYw4Q/o.jpg,https://www.yelp.com/biz/faiza-chicago?adjust_creative=GWOCZh9-BmZxtdsAjr7Gug&utm_campaign=yelp_api_v3&utm_medium=api_v3_business_search&utm_source=GWOCZh9-BmZxtdsAjr7Gug,60659,-87.71197220580845,41.98304482309459
V7czhWWgCwo8b7dNzH2mEQ,costera-cocina-tulum-chicago,['mexican'],2,True,13123000774,850 W Fulton Market,4.0,264,[],https://s3-media0.fl.yelpcdn.com/bphoto/4rm2nAElOsoPQcLlxJ7wCA/o.jpg,https://www.yelp.com/biz/costera-cocina-tulum-chicago?adjust_creative=GWOCZh9-BmZxtdsAjr7Gug&utm_campaign=yelp_api_v3&utm_medium=api_v3_business_search&utm_source=GWOCZh9-BmZxtdsAjr7Gug,60607,-87.6494785,41.88703709267358
14dFm81gm4Kb8C0nd7wcmQ,doc-bs-restaurant-bar-chicago-3,"['newamerican', 'cocktailbars', 'wine_bars']",2,False,13126261300,100 E Walton St,4.3,1051,"['pickup', 'delivery']",https://s3-media0.fl.yelpcdn.com/bphoto/Qcy5fJscB_tnJwPePy2oJA/o.jpg,https://www.yelp.com/biz/doc-bs-restaurant-bar-chicago-3?adjust_creative=GWOCZh9-BmZxtdsAjr7Gug&utm_campaign=yelp_api_v3&utm_medium=api_v3_business_search&utm_source=GWOCZh9-BmZxtdsAjr7Gug,60611,-87.625163,41.900246
D3tJ-N85kZddAwetQHTpkQ,dell-rooster-chicago-chicago,"['latin', 'breakfast_brunch', 'sandwiches']",2,False,13125263109,1825 W Chicago Ave,4.8,162,"['pickup', 'delivery']",https://s3-media0.fl.yelpcdn.com/bphoto/QE9BQDVzPITpr5gly1QVKQ/o.jpg,https://www.yelp.com/biz/dell-rooster-chicago-chicago?adjust_creative=GWOCZh9-BmZxtdsAjr7Gug&utm_campaign=yelp_api_v3&utm_medium=api_v3_business_search&utm_source=GWOCZh9-BmZxtdsAjr7Gug,60622,-87.67324000597,41.89575636351244
Rn3o8GcYBPFJX5MWJn0r1Q,roberts-pizza-and-dough-chicago,['pizza'],2,False,13122651328,465 N McClurg Ct,4.4,1106,"['pickup', 'delivery']",https://s3-media0.fl.yelpcdn.com/bphoto/0KtoeKbMGdR0d_0DfLZ2dw/o.jpg,https://www.yelp.com/biz/roberts-pizza-and-dough-chicago?adjust_creative=GWOCZh9-BmZxtdsAjr7Gug&utm_campaign=yelp_api_v3&utm_medium=api_v3_business_search&utm_source=GWOCZh9-BmZxtdsAjr7Gug,60611,-87.61645117256026,41.89056989999944
z6oM4x5zFSbPkXuGjhdXBg,dhanteraz-indian-fusion-chicago,['indpak'],2,True,17737998585,2116 W Roscoe St,4.7,64,"['pickup', 'delivery']",https://s3-media0.fl.yelpcdn.com/bphoto/d67HJwVUg3aRRLMT421S5A/o.jpg,https://www.yelp.com/biz/dhanteraz-indian-fusion-chicago?adjust_creative=GWOCZh9-BmZxtdsAjr7Gug&utm_campaign=yelp_api_v3&utm_medium=api_v3_business_search&utm_source=GWOCZh9-BmZxtdsAjr7Gug,60618,-87.6816872,41.94343756900504
c6Mpi_TsS1iKrS1hyRsFxw,cafe-nova-chicago,"['srilankan', 'indpak']",2,False,17736750736,6431 N Sheridan Rd,4.6,74,"['pickup', 'delivery']",https://s3-media0.fl.yelpcdn.com/bphoto/t2C795FPkzdk3o16IaXF8g/o.jpg,https://www.yelp.com/biz/cafe-nova-chicago?adjust_creative=GWOCZh9-BmZxtdsAjr7Gug&utm_campaign=yelp_api_v3&utm_medium=api_v3_business_search&utm_source=GWOCZh9-BmZxtdsAjr7Gug,60626,-87.660308,41.99926
6VbYWv_cm7AbBkz1hBlq_w,il-carciofo-chicago-2,"['italian', 'desserts', 'wine_bars']",3,True,18722745862,1045 W Fulton St,3.9,106,[],https://s3-media0.fl.yelpcdn.com/bphoto/A226GE_zW-oiq0gmuL0eGw/o.jpg,https://www.yelp.com/biz/il-carciofo-chicago-2?adjust_creative=GWOCZh9-BmZxtdsAjr7Gug&utm_campaign=yelp_api_v3&utm_medium=api_v3_business_search&utm_source=GWOCZh9-BmZxtdsAjr7Gug,60607,-87.6539831,41.8864536
56HWQzYO2hLhREjlmq6tGg,tryzub-ukrainian-kitchen-chicago,"['ukrainian', 'breakfast_brunch', 'venues']",2,False,17736988624,2201 W Chicago Ave,4.4,354,"['pickup', 'delivery']",https://s3-media0.fl.yelpcdn.com/bphoto/qgepYlDyMwKCaS5Yjl69qA/o.jpg,https://www.yelp.com/biz/tryzub-ukrainian-kitchen-chicago?adjust_creative=GWOCZh9-BmZxtdsAjr7Gug&utm_campaign=yelp_api_v3&utm_medium=api_v3_business_search&utm_source=GWOCZh9-BmZxtdsAjr7Gug,60622,-87.6819438,41.8958059
